book_id_x,book_id_y
3,19820
5,11821
6,24948
7,14655
8,23949
9,16586
10,41271
11,40041
17,24787
18,6990
28,35844
29,9024
30,32478
31,44712
32,44634
33,44080
34,11909
35,5501
37,38121
38,15444
40,4379
43,40538
44,31653
46,4696
47,24244
48,32476
49,7057
50,27040
51,33229
52,12677
53,15108
55,20985
56,37804
57,38648
58,16820
59,42855
63,3635
64,31037
65,2203
67,25183
68,35335
91,9031
92,16479
93,36716
94,12952
95,4704
96,29831
98,23450
100,13200
101,23652
102,5094
103,37194
104,27315
105,13880
106,8247
107,27994
109,1295
110,24113
111,6801
112,16652
114,18909
115,22416
116,39524
118,35892
119,4480
120,40614
121,35039
122,7595
123,19260
125,13314
126,40903
127,36788
128,13719
129,42318
130,29698
131,24882
132,37713
133,2602
134,27151
135,6382
137,11134
138,3517
139,18529
140,14080
141,32249
142,42978
143,42677
144,43141
145,31823
146,14750
147,7361
148,4868
149,31814
151,8891
152,25291
153,13995
156,4375
157,3873
158,6097
159,18407
160,12584
161,11972
162,7878
163,35039
164,10616
167,38898
169,30756
170,43126
171,8581
172,11332
173,5067
174,37407
175,4024
176,26876
178,16911
179,15496
180,41176
181,40596
182,39198
183,4931
187,27345
188,15824
189,32072
190,31794
191,30562
196,30018
197,7112
211,40370
213,26752
214,36841
215,19224
217,5731
218,17023
219,21596
235,16452
236,26859
237,15625
238,36323
240,34635
242,18604
243,23814
244,34665
245,39656
249,2539
252,39059
253,1765
254,33550
255,24802
256,32617
257,26550
258,9662
259,18083
260,7475
261,23031
262,33612
263,15568
264,19956
265,23830
266,23135
267,11103
268,3158
269,34990
270,14951
271,21960
272,24461
274,34980
275,28461
276,4608
277,24841
278,16627
279,40944
281,42661
282,4079
283,40715
284,38076
286,42149
289,41804
290,16123
291,12881
292,30728
293,19859
294,31902
295,293
296,22690
297,14094
298,27817
300,18084
301,32331
302,6741
303,17814
304,27979
305,27084
306,38771
307,17055
309,9801
310,5416
311,43765
312,26280
313,35954
314,10406
316,19730
317,25932
318,40105
319,12733
331,10335
332,25094
336,31924
341,6802
347,32932
351,40569
352,28723
353,126
354,16915
362,42794
363,475
364,29028
366,19742
368,37089
369,35670
370,32753
371,9018
372,16926
373,8017
374,28885
375,24088
380,40200
381,6876
383,18678
384,33650
386,40750
389,8461
392,14914
393,16967
395,6200
398,16249
399,42161
401,14398
402,3892
403,31334
404,34288
405,31784
406,15175
408,24592
409,25735
410,18337
414,21843
415,36524
416,305
417,43155
418,36457
419,23491
420,6638
422,23149
423,5321
424,37079
425,27737
426,38076
428,34125
430,33109
431,34664
433,38703
434,13255
436,34253
437,28426
438,2346
439,612
440,25947
441,40081
442,7124
444,27192
445,11989
447,29658
449,21903
450,4521
453,42131
454,19734
456,30178
469,18927
470,43017
471,34906
472,24126
474,33919
475,14562
481,39806
483,3260
489,43617
491,27525
497,7162
498,25227
500,33175
501,31924
502,1689
503,34614
504,11445
506,24195
508,37826
510,5389
513,4091
514,4672
515,29993
516,42512
517,41032
519,37542
522,17418
523,34345
524,43532
525,22660
526,28600
530,8597
531,28601
532,6181
534,20991
535,2584
538,32951
539,31269
540,24402
543,657
544,40266
551,18022
553,11326
556,42640
559,12691
560,24297
561,10259
562,41242
563,16070
565,1464
566,36168
567,4794
568,29750
569,34587
570,25497
572,7425
574,24689
575,29212
576,43082
577,16358
578,44680
579,34183
580,7277
581,6506
582,13221
587,7597
589,43586
590,36844
598,28378
600,33220
603,816
606,2663
608,9037
609,39081
611,28720
612,16307
613,23795
614,30163
616,32294
617,2632
618,12221
619,7821
620,2585
625,10113
627,33551
628,36277
629,23923
630,14951
632,19259
633,41167
634,37186
635,21154
636,26875
637,2879
638,5896
639,8923
640,2984
641,26445
643,24713
644,34357
645,40688
646,22518
647,31142
648,4361
649,2072
651,10509
652,9930
653,42100
654,23975
655,13683
656,16682
657,43800
658,32445
660,32789
664,20229
665,7036
666,38698
668,363
669,34231
671,10752
672,8502
673,33038
674,31534
675,21754
676,36629
678,38212
679,38533
680,42948
681,10383
682,13605
683,10234
685,14781
686,25297
687,28569
688,18791
689,34337
690,13365
691,20861
692,32638
694,2633
695,24846
696,24192
699,44517
700,3899
701,33945
704,33358
705,26960
708,19122
709,38132
710,19521
711,12921
713,44228
714,26512
715,36317
718,43992
720,30062
721,7864
722,31062
723,27098
727,37487
728,39666
730,22227
731,10298
732,3071
735,11047
739,6286
743,13138
744,17892
745,237
746,6320
748,40124
749,33028
750,30594
751,1021
752,20036
753,6219
755,17594
756,14491
760,17222
761,18179
762,4872
763,48
764,42687
765,44449
766,15056
767,21123
768,33650
770,7832
772,18251
773,17546
774,39250
775,6113
777,28067
778,3144
779,12207
780,15000
781,23889
782,34822
783,22419
784,26216
785,44070
788,33563
790,24509
792,11799
794,20924
798,384
799,10914
800,9
802,41500
803,18153
804,23210
805,21546
806,21915
807,30881
808,27339
810,44724
811,24582
813,8292
814,5856
816,31449
819,43356
820,18101
828,4777
830,37594
832,31901
834,13431
835,35104
836,21219
837,35270
839,18206
840,29958
841,43197
842,33533
843,23696
844,34169
845,10712
846,30621
847,3593
849,9322
852,19489
858,34863
859,44100
861,11671
862,30896
866,2702
867,23238
868,22651
869,27632
870,634
871,8911
873,38148
874,33380
875,13829
876,21795
877,6316
878,7391
879,35488
881,22617
883,6778
884,6600
886,8073
889,33418
890,44587
896,1621
898,25542
899,16645
901,40028
902,12156
903,17775
904,8686
906,9642
907,6724
909,40447
910,21312
913,37244
914,14217
915,21114
916,17457
917,12592
918,16242
919,6917
920,33596
921,30792
922,41829
924,1421
925,37690
926,14093
929,7141
930,5519
931,33520
933,7653
934,16575
938,29608
939,5896
940,12094
942,38047
943,43331
945,5969
950,28895
951,10899
953,22038
954,33551
957,23591
958,5091
960,42723
961,43524
962,31369
963,19144
964,19261
967,28927
968,35048
969,41035
971,20835
973,4962
976,29263
977,22133
979,44061
981,32217
982,6437
985,7620
986,11566
990,25582
992,35955
993,37228
994,35723
996,36724
997,19225
998,16307
1000,21840
1001,36791
1004,35529
1005,22975
1006,6249
1007,24604
1008,24242
1012,13710
1013,5124
1014,9067
1016,34088
1017,44364
1018,14459
1019,36111
1020,11534
1021,18762
1022,44250
1024,25332
1025,32969
1026,14399
1028,11989
1031,42706
1033,23224
1036,25094
1037,20209
1038,23428
1040,40888
1041,4898
1046,21400
1047,13998
1048,24070
1050,111
1051,43809
1053,846
1054,41742
1057,21792
1058,1719
1059,4788
1061,13629
1062,431
1063,147
1066,18232
1067,28480
1068,39237
1070,29743
1071,24776
1072,37774
1073,31865
1074,26324
1075,24774
1076,29682
1077,27491
1078,2898
1079,44029
1081,14076
1082,23244
1083,17284
1084,43826
1085,25767
1087,36982
1089,17509
1090,28972
1091,20834
1092,30859
1094,13360
1095,34075
1096,31004
1098,31371
1099,38814
1100,37209
1101,25739
1102,25931
1103,38768
1104,2303
1108,25556
1110,39563
1116,7946
1117,36407
1122,28626
1125,12091
1127,16053
1128,3268
1129,31732
1132,18818
1135,35506
1140,18098
1141,8753
1148,4965
1151,28088
1158,44123
1160,15016
1161,26852
1165,2840
1167,2888
1168,41028
1169,31705
1170,31770
1171,44186
1174,37388
1175,28595
1176,41093
1179,23293
1180,17572
1181,25250
1182,20277
1186,30961
1187,23858
1189,44720
1190,31979
1191,34987
1192,24569
1194,40580
1195,8400
1196,13434
1197,6719
1198,34668
1199,42891
1201,13409
1203,39607
1204,34296
1205,8748
1206,14851
1207,42645
1208,500
1209,38132
1210,17797
1212,14631
1215,28832
1216,27552
1217,6424
1218,37787
1220,17734
1221,36526
1222,30707
1223,41883
1224,33823
1225,37482
1227,23702
1229,21792
1230,20803
1231,30266
1232,15450
1233,10341
1234,29419
1235,18786
1236,9665
1237,36474
1238,17259
1239,24794
1241,9484
1242,32623
1243,15541
1244,11200
1245,10810
1246,34228
1247,32280
1248,10883
1249,43398
1250,114
1252,6093
1253,30480
1254,41152
1255,26714
1256,12340
1257,28860
1258,7480
1259,48
1260,26903
1261,33057
1262,33890
1264,20663
1265,20778
1266,36609
1267,8520
1268,9197
1269,8972
1270,26607
1273,40973
1274,23870
1275,38486
1276,35350
1277,10442
1279,21615
1280,17406
1282,30052
1284,43717
1285,33144
1286,16654
1287,24582
1288,21558
1289,10706
1292,37192
1293,1489
1295,10916
1297,19520
1299,41609
1300,29166
1301,34434
1302,38027
1304,3991
1306,38064
1311,25349
1317,38451
1318,27759
1319,37920
1330,10435
1333,31316
1335,33049
1343,43220
1346,27814
1347,28602
1348,14905
1349,20679
1350,2473
1351,25280
1352,28881
1354,29846
1356,39250
1357,27308
1360,2050
1365,7035
1366,5559
1370,21326
1371,2314
1372,28325
1373,25929
1374,22955
1375,31953
1378,23881
1379,39877
1381,27519
1382,1125
1383,26989
1384,25219
1386,31348
1387,6818
1388,4738
1389,6445
1391,628
1392,6608
1393,27582
1394,12465
1397,30329
1399,5320
1400,21385
1401,40196
1402,8535
1404,37125
1405,12030
1407,31437
1408,22241
1409,23590
1412,44184
1414,1505
1416,37727
1417,23808
1418,105
1419,13495
1421,36049
1422,21277
1423,28282
1424,41097
1425,20282
1430,20805
1431,4897
1432,41100
1433,9530
1434,5354
1435,12104
1436,1279
1437,12271
1438,3418
1443,120
1446,4478
1448,7107
1449,16213
1452,31060
1454,5634
1455,26590
1456,32917
1458,10424
1459,12507
1461,28911
1462,29032
1463,26096
1464,42249
1465,5867
1466,41452
1467,38432
1473,38778
1474,8126
1475,31108
1476,16609
1477,8635
1478,43631
1479,9
1481,35127
1482,38101
1483,24530
1484,274
1485,424
1487,40120
1488,25912
1489,13136
1490,8433
1491,15991
1492,24098
1494,14925
1495,1532
1497,16240
1499,28282
1501,6996
1503,25588
1504,3729
1505,1300
1506,29269
1507,12551
1508,11832
1510,35567
1512,43263
1513,20610
1514,41475
1515,22573
1516,7358
1517,1772
1518,953
1520,6724
1521,23022
1523,26825
1525,19203
1527,8066
1528,14753
1529,13830
1530,8271
1532,25580
1534,42645
1536,24497
1537,21683
1539,31355
1540,33986
1542,12571
1543,7311
1544,11295
1545,31369
1547,6927
1548,42022
1550,24259
1551,23183
1552,30786
1553,2352
1554,41846
1555,14662
1557,18755
1559,27792
1561,6649
1562,25882
1563,25533
1564,14363
1565,35622
1566,43629
1568,1673
1572,30891
1574,19496
1575,26950
1576,39726
1577,39124
1578,36011
1579,40291
1580,39852
1582,17145
1588,22933
1590,41068
1591,19225
1592,43839
1595,15253
1596,2066
1597,10327
1598,34696
1599,4037
1600,31868
1601,4631
1602,8532
1605,30710
1607,32763
1608,22405
1611,1968
1612,37246
1613,44390
1616,16892
1620,510
1621,9279
1622,1925
1623,26472
1625,6328
1627,32520
1629,41158
1631,25226
1633,14514
1634,41320
1637,25107
1639,41408
1640,9787
1641,40014
1642,23192
1644,10911
1645,23345
1648,3381
1649,24344
1651,21076
1654,33836
1656,22221
1660,17106
1661,1370
1662,32925
1668,17389
1670,5743
1672,12745
1673,29121
1675,36851
1678,14604
1680,17138
1681,26672
1682,23435
1683,10371
1684,4048
1685,26243
1686,44617
1689,34760
1692,3609
1693,37538
1694,6671
1695,43964
1696,22021
1697,29336
1701,768
1702,23885
1703,19937
1704,11087
1705,5912
1706,27001
1707,23183
1709,17849
1711,31103
1712,6139
1717,6135
1718,7000
1719,20688
1720,19018
1721,23583
1722,28744
1723,11337
1726,29589
1728,16386
1729,40988
1730,515
1731,6328
1733,42499
1734,16782
1735,4225
1736,19146
1737,6182
1738,33179
1739,16428
1741,31380
1743,35603
1745,32265
1746,1276
1747,19382
1748,4578
1750,24419
1751,43777
1752,15878
1753,17957
1754,39799
1755,4263
1757,39791
1758,7961
1760,11524
1761,32265
1763,30510
1764,23750
1765,13375
1766,450
1769,5655
1771,1048
1772,10992
1773,1965
1776,755
1777,13056
1780,2701
1781,43714
1785,17649
1786,9561
1787,7834
1788,26113
1789,1703
1790,34166
1792,32461
1793,5727
1794,12443
1795,31404
1796,19127
1797,3072
1798,8020
1799,35722
1801,15868
1802,17909
1803,43520
1805,25709
1806,14828
1807,25138
1808,35527
1809,6765
1810,4924
1812,4927
1814,18496
1815,7387
1818,3283
1820,18678
1821,11952
1822,17072
1823,29057
1824,38210
1825,32738
1826,16861
1827,553
1831,34608
1832,36135
1833,7530
1834,24177
1835,38609
1836,21977
1838,3128
1839,7676
1840,3245
1841,38156
1842,19116
1843,16348
1844,2349
1846,42134
1847,30712
1850,2240
1852,20521
1854,23201
1855,28444
1856,22544
1859,11254
1860,18932
1863,43463
1865,2059
1867,792
1873,44155
1874,41691
1876,18626
1877,26512
1878,43363
1880,37555
1882,32265
1883,19560
1885,10410
1891,12954
1892,11635
1894,24653
1895,39257
1896,20863
1899,17115
1904,26753
1905,20798
1906,26108
1908,23358
1909,2529
1916,43610
1917,30543
1918,25729
1921,35738
1922,513
1923,31199
1925,13075
1926,7592
1927,16453
1928,12394
1932,13702
1934,30324
1937,14872
1938,26737
1940,3686
1941,12957
1945,27334
1946,25791
1950,36738
1952,42390
1955,7332
1961,15048
1962,1483
1963,13136
1964,43867
1965,8505
1966,7072
1968,9843
1969,766
1970,14760
1971,39819
1973,16068
1975,11635
1976,4693
1977,6534
1978,22506
1979,32438
1980,9524
1981,3242
1983,37883
1986,3923
1988,42318
1989,34698
1990,508
1991,36018
1992,14487
1993,18029
1996,3856
1997,4034
2000,37777
2002,20328
2004,19018
2007,5080
2008,6721
2009,3159
2012,12285
2014,27979
2015,39353
2019,15831
2022,44205
2024,15761
2027,40048
2028,10054
2030,5435
2031,32280
2033,17704
2036,42085
2037,33933
2039,17191
2042,32489
2043,5626
2044,12673
2045,25335
2046,843
2048,3233
2049,14338
2050,5571
2051,13027
2052,34963
2053,23830
2056,24530
2057,30276
2059,35892
2062,31526
2063,17766
2064,42793
2066,14140
2069,32686
2072,29032
2076,31002
2078,3810
2080,5146
2081,12386
2083,31056
2086,3323
2087,15770
2088,1797
2091,28365
2094,28853
2097,3577
2102,11891
2103,21433
2104,23608
2106,8754
2108,13632
2109,23293
2111,8576
2115,24627
2116,44075
2119,43217
2122,36222
2128,38650
2129,10882
2132,28256
2135,9347
2138,25699
2142,12382
2154,2381
2159,25050
2160,11569
2161,26723
2162,38116
2165,22590
2166,25414
2167,36412
2172,8563
2173,3268
2174,3413
2175,34678
2176,14907
2177,15140
2179,23112
2180,19630
2181,33310
2182,1856
2183,23596
2185,8352
2187,25920
2188,4427
2189,10380
2190,5245
2191,312
2192,32523
2194,15335
2195,23324
2197,16076
2198,7944
2199,17610
2200,12654
2201,5414
2202,18961
2203,9169
2207,34440
2209,27575
2211,562
2212,35091
2214,30537
2217,1941
2219,18127
2220,34434
2222,41583
2223,10732
2224,4445
2225,29351
2227,30912
2230,1823
2231,1651
2233,40186
2235,43421
2236,43228
2237,1499
2238,41952
2239,6917
2240,5758
2242,36338
2243,27047
2244,21623
2245,13335
2247,15097
2248,44521
2249,37398
2250,12558
2251,33583
2253,6153
2255,31930
2256,5667
2257,43126
2260,24042
2263,20486
2264,30353
2265,7618
2266,10687
2267,35655
2269,42325
2271,17646
2274,1814
2275,31938
2276,7355
2277,27201
2279,20809
2280,41655
2282,17226
2283,23927
2284,24613
2286,35699
2287,188
2289,21582
2290,23358
2291,7879
2292,28664
2295,2632
2297,9542
2298,30685
2299,20612
2300,23637
2301,14370
2303,13873
2305,2512
2306,8615
2307,32145
2308,34690
2309,32556
2311,7312
2312,41468
2313,100
2314,38580
2315,11019
2316,30125
2317,26808
2319,39466
2323,3551
2324,33702
2326,5711
2328,8271
2330,38852
2331,41190
2334,6292
2335,5794
2336,21677
2337,2043
2339,7639
2341,14241
2344,30770
2346,16737
2349,14264
2352,21550
2355,16021
2357,29367
2360,18437
2361,13765
2367,26578
2368,29263
2369,19214
2371,43928
2372,43471
2375,26579
2377,35960
2378,39548
2379,18583
2380,36664
2381,14612
2382,29163
2383,13238
2385,25156
2386,16442
2387,20715
2388,15842
2389,34673
2391,26662
2392,42545
2393,842
2395,33069
2396,43899
2398,42321
2399,44592
2401,13148
2404,18551
2405,5667
2407,34797
2409,5502
2413,26648
2414,18366
2415,4404
2417,22615
2419,15133
2420,43571
2422,13474
2423,44330
2424,25063
2426,2589
2429,5222
2430,8203
2433,4509
2436,41465
2437,2644
2438,40431
2439,4677
2441,4410
2442,686
2443,18313
2444,21747
2446,24401
2447,18584
2448,11385
2450,3624
2452,12616
2453,44332
2457,36619
2458,15885
2465,40720
2467,3062
2468,792
2471,35330
2472,23549
2473,2707
2474,21454
2476,6908
2477,18524
2479,16442
2481,9033
2484,44399
2488,13694
2489,5131
2491,15228
2495,17775
2496,36186
2497,19787
2502,36089
2503,1276
2507,44369
2508,23239
2512,35769
2513,4394
2515,36549
2516,11127
2518,16827
2521,34200
2523,42927
2524,19443
2527,1022
2529,34090
2530,43835
2532,34322
2533,36135
2534,19485
2536,364
2538,23137
2539,38244
2541,19278
2543,28369
2545,1075
2549,11957
2550,34909
2551,34147
2553,18215
2554,1729
2558,18377
2560,16998
2562,18675
2563,24302
2564,19433
2566,31031
2567,38443
2568,9907
2569,33395
2571,21349
2573,17132
2575,5571
2578,7172
2579,14094
2580,33249
2582,21092
2583,42012
2584,21471
2585,16706
2587,32359
2589,12790
2590,11667
2592,34211
2593,9213
2594,15132
2595,33236
2596,35143
2597,26355
2602,217
2604,8283
2605,25724
2606,28227
2608,2377
2609,11531
2611,35569
2613,5096
2615,12487
2616,12274
2618,9936
2623,42628
2624,30142
2625,26050
2626,16476
2627,1637
2628,8913
2630,5330
2632,10038
2633,17318
2634,35668
2636,35281
2637,42157
2638,12227
2640,5884
2641,18087
2642,1557
2643,16165
2644,22960
2645,2590
2646,41123
2647,6990
2649,11561
2650,14697
2651,13811
2652,27304
2656,26744
2657,35214
2658,22471
2661,30020
2662,10969
2663,6628
2664,17221
2665,17415
2666,22154
2667,18774
2668,20343
2669,23444
2670,13720
2671,22102
2673,18865
2674,40332
2675,24568
2677,13872
2678,26399
2680,1062
2681,21968
2683,22303
2684,26678
2685,34582
2686,16071
2687,6957
2688,38778
2689,31001
2690,20606
2691,13530
2692,37428
2693,25952
2695,5032
2696,41241
2697,24954
2698,20761
2699,14661
2700,11035
2701,16690
2702,33049
2703,28255
2704,14424
2705,10890
2706,8187
2707,33299
2708,44586
2709,28548
2712,11973
2713,3896
2714,36076
2716,10583
2717,8109
2721,42660
2723,14629
2724,7422
2725,3920
2726,19657
2727,8911
2728,30085
2729,2330
2730,28037
2731,11640
2732,2809
2733,28274
2734,20411
2736,26216
2737,37094
2738,31077
2740,36548
2744,3184
2745,19435
2746,5885
2747,25335
2749,30532
2750,21281
2751,26050
2752,23215
2753,31301
2755,20795
2756,16963
2757,2965
2758,42139
2762,1373
2763,5422
2764,42140
2765,23652
2766,39564
2767,26099
2768,10436
2769,26686
2770,13583
2771,4674
2772,22588
2773,4122
2774,35983
2775,36791
2776,27975
2777,8936
2779,16428
2781,18445
2782,22358
2783,44331
2784,34302
2787,12147
2788,20013
2789,1685
2790,35565
2791,31060
2792,32347
2795,38234
2796,26705
2797,36858
2798,3862
2799,38389
2800,16698
2803,1261
2806,19834
2807,41519
2808,5208
2809,1639
2810,25626
2811,29290
2813,8089
2816,15240
2817,37357
2818,44176
2819,26852
2820,42920
2821,27428
2822,8296
2824,7014
2825,16536
2826,5606
2827,33889
2828,2154
2829,673
2830,1024
2831,29823
2832,36949
2834,2012
2835,25557
2836,8934
2840,41272
2841,1286
2842,2705
2843,19807
2845,4132
2847,39813
2848,31421
2850,3559
2851,30110
2852,17888
2853,25031
2855,32021
2856,26532
2858,25811
2860,32897
2862,36899
2863,2173
2864,23294
2866,43153
2868,32585
2869,15046
2871,35665
2874,32209
2875,4844
2878,40127
2879,42188
2880,29177
2881,11674
2882,29788
2883,666
2884,15995
2885,19370
2886,37925
2887,39391
2888,31603
2889,3551
2892,9122
2893,17874
2895,25831
2898,31846
2903,20115
2904,29616
2905,1722
2907,799
2908,29842
2913,11894
2916,27405
2917,6683
2918,7595
2920,1508
2925,40041
2928,27697
2929,11732
2930,172
2933,25184
2934,16307
2936,40600
2937,26163
2938,614
2939,25826
2940,4886
2942,1739
2943,14582
2945,38068
2946,29575
2947,41431
2949,16051
2950,16897
2952,35377
2954,12511
2959,23293
2960,2905
2961,6930
2962,35384
2964,42969
2965,11941
2966,25563
2967,44113
2968,39006
2969,26877
2972,6436
2973,1108
2974,40080
2975,5389
2976,18425
2979,26504
2983,513
2984,9217
2986,19293
2988,6989
2989,31729
2990,2355
2991,37205
2995,878
2996,3593
2997,2199
2998,38339
3000,12399
3002,27166
3003,29100
3004,9091
3005,31386
3007,11289
3010,3462
3011,28279
3012,2587
3014,20938
3015,11726
3016,17509
3018,28342
3019,39468
3022,17752
3024,33839
3026,31383
3027,13856
3028,1242
3030,9457
3031,30130
3032,12688
3037,30290
3039,4683
3040,38506
3043,27227
3044,33185
3046,37472
3047,17093
3048,34698
3049,17858
3050,39547
3052,8605
3054,6859
3056,40495
3057,44378
3058,19482
3061,12718
3062,8341
3063,36446
3066,1259
3067,20164
3068,16696
3070,33395
3071,14417
3072,28259
3074,22436
3075,36578
3077,38463
3079,32
3084,33162
3085,5558
3086,8187
3087,44138
3088,14257
3090,6138
3091,17697
3093,23212
3095,4977
3097,12243
3098,21956
3100,11855
3101,41489
3102,14820
3103,42759
3104,24726
3105,27006
3107,40725
3109,792
3110,36626
3112,6427
3113,22649
3116,32559
3117,23853
3119,1599
3120,14840
3121,6165
3122,12364
3124,37355
3125,23673
3126,20287
3128,16685
3132,13775
3133,15682
3135,22728
3136,43963
3137,3983
3138,40701
3140,36851
3141,13415
3143,15492
3144,40002
3145,5328
3146,17746
3147,16846
3148,4504
3152,15175
3153,24715
3154,6506
3156,31725
3157,6864
3158,6736
3159,26736
3160,13834
3161,8041
3162,6273
3163,43391
3164,10782
3165,5184
3168,28384
3170,15466
3171,28533
3174,13747
3175,28259
3177,4658
3178,22945
3179,24550
3182,6199
3183,8386
3184,268
3185,16908
3188,7874
3189,16046
3192,27335
3198,28163
3200,8720
3201,44077
3202,16966
3205,22696
3206,39833
3207,4113
3208,38993
3209,34151
3210,1613
3212,33304
3213,37710
3214,27645
3215,6202
3216,17344
3217,24471
3218,29421
3221,17606
3222,16251
3224,23600
3225,27344
3226,33401
3227,33715
3228,15921
3229,1899
3230,16889
3231,39851
3232,34745
3233,4245
3235,38640
3236,19734
3237,29031
3238,33933
3239,23631
3241,28207
3242,39973
3244,27981
3245,36480
3247,269
3249,6007
3250,24559
3251,30735
3252,15971
3254,12250
3257,15728
3258,44573
3260,22236
3261,26181
3263,23814
3266,12319
3267,32084
3268,21414
3269,5756
3270,17854
3272,37509
3273,23784
3275,41361
3279,17617
3281,12692
3283,5116
3284,32475
3285,41640
3287,33809
3288,20262
3291,14809
3292,22764
3294,24238
3295,24819
3296,15553
3297,19550
3298,135
3299,22603
3300,19131
3301,39939
3302,35240
3304,1539
3307,42370
3308,36527
3309,34866
3310,19219
3312,27752
3313,40109
3314,29232
3315,41519
3317,33597
3319,32017
3321,17403
3322,24771
3323,31763
3324,18679
3325,2052
3328,42467
3330,27924
3331,33344
3332,43854
3334,28280
3335,11908
3337,40016
3338,18803
3339,13694
3340,22004
3342,36879
3343,10881
3344,15768
3347,12227
3348,32044
3349,21945
3350,44581
3351,14938
3352,12936
3356,9919
3357,43672
3358,28201
3359,19353
3360,18861
3361,4453
3362,21031
3363,10813
3364,20339
3368,23500
3369,44487
3372,41373
3374,40102
3377,17086
3378,35130
3379,17707
3381,4020
3383,15590
3384,35281
3385,6723
3386,3011
3389,10459
3390,25586
3391,29824
3392,43862
3393,32441
3394,8061
3396,42204
3397,38282
3398,9005
3399,31338
3400,26781
3402,11294
3404,40945
3405,5173
3406,3926
3407,23604
3413,2579
3418,15246
3420,18165
3422,33540
3423,8529
3424,29318
3427,14442
3429,33701
3431,11123
3435,40774
3436,14091
3441,43748
3442,17253
3443,8061
3444,17118
3449,32748
3451,41578
3452,7570
3453,32415
3454,22164
3458,1769
3460,37421
3462,16194
3463,6952
3465,5778
3469,35323
3471,34683
3472,37372
3473,23658
3474,24024
3476,31373
3478,8929
3479,6464
3480,3398
3483,16143
3484,6542
3485,29395
3486,32192
3488,3343
3489,22815
3492,24969
3493,26398
3494,13741
3495,7001
3497,6207
3500,34357
3501,21697
3502,21140
3503,43035
3506,24534
3507,22312
3510,301
3512,28474
3514,20552
3516,36277
3517,4841
3518,4756
3519,25158
3520,9337
3521,25993
3529,2566
3530,34571
3532,40049
3533,18010
3536,21731
3537,5546
3541,26331
3543,6295
3545,30837
3546,43551
3547,10727
3549,26746
3550,39518
3551,32180
3552,41090
3553,43285
3554,32420
3555,27008
3557,28259
3558,12931
3559,40119
3561,4042
3562,33613
3563,18322
3565,20515
3569,18411
3570,35495
3571,32703
3574,40854
3576,37840
3577,35699
3579,22199
3580,6986
3581,13236
3584,4252
3588,36493
3590,18936
3591,31716
3593,7878
3594,40875
3595,14702
3596,39894
3597,37440
3598,43600
3599,15883
3601,43039
3602,28888
3606,37379
3608,30752
3609,22928
3610,44047
3611,42686
3612,39023
3613,16961
3614,39750
3615,37102
3616,39877
3618,21043
3619,28015
3620,6662
3624,34994
3625,11650
3628,15607
3629,7842
3631,14862
3632,29646
3633,6939
3634,21892
3635,27765
3636,11165
3637,27133
3638,409
3639,3443
3640,30941
3641,22299
3642,34106
3643,24482
3645,26096
3648,2580
3649,6836
3650,19882
3652,29457
3655,43904
3656,39535
3657,19893
3658,369
3660,20634
3661,22434
3662,21996
3663,43212
3664,3121
3665,21861
3666,37357
3668,8893
3669,21280
3670,21660
3671,5328
3672,5691
3673,19026
3674,38047
3675,22377
3676,12570
3677,14393
3678,11295
3680,10424
3681,15138
3683,14928
3684,37582
3686,23298
3687,40242
3690,25423
3691,35266
3693,506
3694,19781
3695,15014
3701,25337
3702,13933
3703,30412
3706,41932
3707,1098
3708,29851
3709,11481
3711,28878
3714,4063
3717,37993
3718,26680
3719,9015
3720,3725
3721,20357
3722,15633
3723,33363
3724,41688
3725,42130
3728,23479
3729,4270
3731,25436
3732,14942
3733,29607
3734,9003
3735,1932
3736,37474
3738,5347
3740,19485
3742,37794
3745,41169
3746,30451
3747,29045
3748,9762
3749,24425
3753,18216
3754,148
3755,8169
3756,26615
3758,38244
3759,8721
3760,27089
3761,3748
3763,9842
3764,38820
3765,15894
3766,6915
3770,7899
3771,23680
3773,15167
3774,16329
3775,19264
3776,37058
3777,27194
3778,22066
3779,15513
3780,43343
3781,767
3782,6253
3783,16596
3785,14761
3786,22468
3787,13009
3789,21488
3790,14771
3791,24297
3792,34530
3793,30230
3794,40016
3795,21123
3796,4460
3798,6305
3799,4051
3800,6975
3801,9305
3802,10762
3804,1747
3805,1300
3806,13322
3807,37724
3809,41219
3810,5661
3811,1874
3812,40817
3813,18089
3814,18031
3815,2489
3817,43741
3818,30593
3819,33793
3820,5995
3821,22570
3822,23499
3823,38925
3824,21447
3825,11471
3826,24220
3827,30809
3828,14959
3829,27263
3831,38349
3832,25580
3833,25468
3836,2774
3838,24638
3841,996
3842,23920
3843,44000
3845,22240
3846,3510
3847,6210
3848,23182
3850,37466
3854,19071
3856,24704
3858,30510
3861,5766
3862,2925
3865,31626
3866,2436
3869,25688
3870,33109
3873,38566
3874,43775
3876,12937
3878,634
3879,2593
3880,32294
3882,6673
3884,29273
3886,20231
3888,36041
3891,33124
3892,31260
3896,22019
3897,25207
3899,18369
3900,30679
3901,39857
3902,26306
3903,2030
3904,17657
3908,27070
3909,15484
3911,42053
3912,27799
3913,23534
3914,24753
3915,44604
3916,6926
3917,15955
3919,5673
3920,16152
3921,19370
3923,32282
3924,14672
3925,41717
3926,33302
3928,3663
3929,14392
3930,4765
3932,13313
3933,29799
3937,36290
3938,32959
3939,21222
3944,34414
3945,21454
3946,18429
3947,32696
3948,803
3950,43239
3951,26783
3953,20472
3954,20769
3956,22031
3960,16834
3963,26544
3964,17596
3965,6016
3966,25603
3967,30864
3968,2028
3970,21563
3971,42278
3977,6520
3979,5615
3981,15017
3982,8245
3983,10138
3988,43481
3989,42289
3990,33041
3991,11992
3993,7534
3994,9870
3995,44696
3996,24276
3998,16470
3999,39446
4001,44418
4003,29368
4004,1769
4005,2122
4009,34017
4010,6931
4011,8797
4013,8575
4015,39475
4017,32345
4018,6273
4019,2898
4020,21044
4023,21365
4024,27027
4027,18944
4028,31255
4029,22008
4030,35215
4031,30926
4032,10619
4033,25524
4034,37388
4036,32841
4037,31974
4038,22928
4039,6088
4041,14964
4042,5732
4043,13579
4044,41030
4045,11377
4046,43424
4047,12857
4048,28741
4050,13206
4051,43877
4053,29696
4054,1780
4055,4748
4056,41847
4057,18781
4058,10683
4059,43627
4060,31229
4061,31934
4062,39793
4063,30064
4065,30001
4067,24120
4068,2605
4069,4408
4070,6000
4072,32642
4073,8634
4074,27463
4076,9882
4077,5324
4078,12398
4079,4601
4080,41909
4081,13713
4082,31067
4083,7598
4084,21517
4086,5088
4088,22946
4089,40088
4090,32596
4091,37281
4092,34670
4094,24213
4095,36376
4098,13323
4100,43901
4101,43214
4102,28369
4103,2269
4104,29346
4105,5936
4107,29398
4108,17115
4110,24074
4111,6197
4112,12608
4113,13616
4114,15124
4115,29603
4116,9202
4117,16185
4118,13497
4119,9827
4120,43553
4121,34669
4122,41370
4124,6978
4125,30638
4126,20108
4127,16141
4129,40222
4130,24750
4131,13251
4132,23758
4133,25121
4134,35826
4135,23825
4136,17106
4137,9674
4138,9130
4139,31232
4140,35932
4141,6335
4142,42121
4143,12582
4144,6720
4146,515
4147,38544
4148,39739
4149,17560
4152,7870
4153,38096
4154,1780
4156,4799
4157,36125
4158,4147
4159,43916
4160,25293
4161,28305
4163,25961
4164,23448
4167,37032
4168,658
4169,35438
4171,14264
4172,37768
4174,42885
4175,13576
4176,43
4178,31177
4180,36611
4183,33460
4184,27634
4185,32298
4186,35120
4190,35611
4191,6055
4193,43463
4194,42534
4195,1267
4196,9078
4197,15552
4198,40121
4200,3007
4201,9036
4202,33424
4203,31419
4205,30861
4206,17318
4207,18953
4208,21889
4209,14243
4210,22232
4211,42973
4212,14537
4213,28832
4214,22661
4215,27679
4217,1075
4218,20641
4219,40127
4220,51
4221,36911
4222,1705
4224,8528
4225,10144
4226,30253
4227,4894
4230,32498
4231,24490
4233,39517
4234,16136
4236,22857
4239,27362
4241,22063
4243,14896
4244,11289
4245,2409
4246,9506
4248,18928
4250,1203
4252,24238
4255,33657
4256,27368
4258,23840
4260,39230
4261,6915
4262,17490
4263,17710
4265,17073
4266,11322
4267,1735
4268,34323
4270,34270
4271,26481
4272,15924
4275,42112
4276,10014
4277,19241
4278,14726
4279,17858
4280,35548
4282,708
4283,2789
4284,40220
4286,7553
4287,41886
4288,14483
4289,8418
4290,12900
4291,26668
4292,12897
4293,36791
4294,23687
4295,4539
4297,10526
4298,39531
4300,18529
4301,2367
4302,31551
4303,20633
4304,44332
4305,32113
4306,13518
4307,9942
4310,23405
4311,5322
4312,10396
4313,20156
4317,16267
4318,34062
4319,43679
4320,41320
4321,11832
4324,28085
4325,19343
4328,34336
4329,24113
4331,32532
4334,41362
4336,30191
4337,7262
4338,20182
4339,2276
4340,5657
4342,13239
4343,31627
4344,24149
4346,3140
4347,7854
4348,37563
4350,41084
4351,24691
4354,43011
4356,42681
4357,11383
4358,26656
4359,13519
4361,5323
4362,15946
4363,24284
4364,11933
4366,15774
4367,3804
4369,12446
4371,25056
4372,15043
4374,16207
4375,44714
4377,28705
4378,11640
4379,19981
4380,18416
4381,42029
4382,15722
4383,2811
4384,24799
4385,29859
4386,23733
4387,24313
4389,17570
4392,17490
4394,37607
4395,20943
4397,43238
4398,19490
4401,13313
4402,17681
4403,19446
4404,37984
4405,36514
4407,44377
4408,23920
4410,12627
4413,21045
4414,16479
4416,12579
4417,27815
4418,7899
4419,20585
4420,23818
4421,12127
4422,31864
4423,32260
4424,23587
4425,12961
4426,23366
4427,20259
4429,26232
4431,33981
4432,12404
4434,10271
4435,5150
4437,13075
4438,26243
4441,22872
4442,43077
4444,13686
4445,37191
4446,620
4447,36993
4448,7488
4449,10932
4450,14566
4451,26012
4453,22576
4455,39288
4456,2078
4459,43785
4460,42023
4464,41565
4465,17159
4466,10500
4467,35556
4468,816
4469,7373
4470,42271
4471,37209
4472,3317
4475,17727
4477,16774
4478,9166
4479,14301
4480,19320
4481,5673
4483,3899
4484,43727
4486,16065
4487,31241
4488,10779
4489,21024
4491,15000
4492,26796
4493,23585
4494,16261
4495,42188
4496,23697
4497,20294
4498,43282
4499,33549
4500,39564
4501,11017
4502,42145
4503,12113
4504,20970
4505,30065
4506,22269
4507,13414
4508,18308
4509,42164
4510,16259
4512,22318
4513,29695
4514,15947
4515,5556
4517,19313
4518,34960
4520,580
4521,4495
4524,28898
4525,22024
4526,16800
4527,36179
4528,19745
4529,41995
4530,23042
4531,35768
4532,23790
4536,36101
4537,2998
4538,1885
4539,22989
4540,36985
4541,44207
4543,33460
4544,4548
4545,6467
4546,32708
4547,22867
4548,8574
4549,43891
4552,22221
4553,1374
4555,19353
4558,20754
4559,32841
4561,3054
4562,34336
4567,39413
4571,9249
4576,22385
4578,40268
4580,35471
4583,25385
4584,27347
4590,43241
4591,40209
4592,44576
4593,24097
4597,19077
4599,10812
4601,21854
4603,20587
4604,34190
4605,1940
4606,38913
4607,291
4608,1491
4609,5111
4611,17928
4614,42807
4615,31691
4617,38771
4618,27356
4620,10684
4621,43551
4623,26814
4625,39391
4628,4809
4629,6621
4631,22190
4632,13670
4633,24064
4634,30766
4639,23057
4640,264
4641,38125
4643,5030
4645,15476
4646,40803
4648,30984
4649,312
4650,39404
4651,44126
4652,37516
4654,31795
4655,11091
4656,31671
4657,153
4658,25687
4659,15851
4660,40836
4661,14908
4662,16232
4663,15653
4664,540
4667,30517
4668,128
4669,22345
4670,37411
4671,38992
4672,9702
4673,21902
4674,13828
4675,27177
4676,33416
4677,35778
4679,35679
4683,21889
4684,39845
4686,14854
4687,34506
4688,29105
4692,21583
4693,8471
4695,11519
4696,12643
4697,11231
4699,9334
4700,28020
4703,17451
4704,31606
4705,41413
4707,6929
4708,40132
4709,31320
4710,41474
4711,22657
4712,18498
4714,19190
4715,14096
4716,25059
4717,21583
4718,13971
4719,39783
4720,17252
4722,37588
4723,34440
4724,39216
4725,14741
4726,22491
4728,14187
4729,35439
4731,15937
4733,26414
4735,17410
4737,32680
4738,4526
4739,39212
4740,917
4741,36343
4743,28995
4744,18837
4745,20706
4746,1077
4748,25014
4750,44283
4751,22917
4754,7207
4756,41200
4757,39566
4760,41335
4761,30019
4763,7551
4764,17685
4765,34830
4766,40268
4769,39845
4771,39758
4774,24497
4775,13077
4776,8538
4777,38229
4779,11343
4780,41698
4781,35322
4782,41139
4783,15063
4784,7547
4786,11357
4788,26471
4789,9878
4791,2816
4793,21802
4794,42238
4796,32575
4797,34498
4798,3222
4799,1374
4800,3304
4801,32065
4802,3156
4805,12849
4806,21857
4807,20786
4809,7459
4810,909
4811,5749
4812,5481
4813,42113
4814,37785
4816,4538
4819,42493
4821,17348
4822,20772
4823,5569
4826,1728
4827,42390
4828,4426
4829,42325
4832,2946
4833,11556
4834,37432
4836,23552
4838,27649
4839,35752
4840,7954
4841,5304
4842,10534
4843,41069
4844,27453
4845,33055
4847,1547
4848,14283
4850,23194
4851,12849
4852,17104
4853,4392
4855,24517
4856,40142
4857,3424
4859,37737
4860,25695
4864,17557
4868,31612
4870,18151
4872,4041
4873,41527
4874,21219
4878,37990
4879,18679
4880,44132
4885,14487
4886,1491
4890,814
4892,30252
4893,31360
4894,14023
4895,37825
4897,9582
4898,23173
4900,2227
4901,10296
4902,8885
4903,10313
4904,34336
4905,1335
4906,12845
4907,36412
4908,43323
4909,37638
4910,21359
4911,28033
4912,16413
4914,5065
4916,40287
4917,5599
4918,2567
4919,2775
4920,34760
4921,40129
4922,5648
4923,33203
4924,6552
4925,25792
4927,23617
4928,28029
4929,1543
4930,873
4931,44240
4932,28595
4933,13759
4934,41429
4935,845
4938,19069
4939,10752
4942,1599
4943,13950
4944,1644
4945,172
4946,9651
4948,23254
4950,26439
4951,31002
4955,11974
4956,29013
4957,11986
4958,37586
4959,17866
4960,6136
4961,43675
4962,36453
4963,6755
4964,14093
4965,20955
4970,4944
4971,4307
4973,24811
4975,8644
4976,886
4977,30576
4979,15384
4980,1180
4982,26885
4983,36527
4984,18462
4985,16132
4987,15490
4988,1068
4989,18555
4990,2826
4991,2964
4992,29360
4993,39544
4999,16571
5001,43660
5002,5645
5003,4488
5004,37834
5008,36518
5009,4422
5010,43982
5011,35539
5012,17340
5016,37645
5020,42132
5022,32352
5023,33425
5025,19678
5027,10925
5030,6495
5031,1381
5032,38881
5034,993
5035,7626
5036,18043
5037,40475
5038,2383
5039,19882
5040,4971
5041,37844
5042,20337
5043,14237
5044,162
5045,21193
5046,37674
5048,12906
5049,41097
5050,34438
5051,16751
5053,4672
5054,19164
5055,8765
5056,30929
5058,22552
5059,3618
5060,39715
5061,43488
5063,38738
5064,16760
5065,37067
5066,18374
5067,8628
5068,16733
5069,24535
5073,7058
5074,34056
5075,13505
5076,36645
5077,23884
5078,23129
5079,8538
5080,6602
5081,13349
5084,39454
5085,18396
5086,38506
5088,40674
5091,30832
5094,23983
5096,31672
5097,23088
5099,29053
5100,5970
5101,35433
5103,6995
5104,24617
5105,33836
5107,40308
5108,15561
5109,1129
5110,24036
5111,23997
5112,28260
5114,41408
5115,9388
5116,3691
5117,5414
5119,28332
5120,33369
5121,22120
5123,18578
5124,11553
5125,44318
5127,20419
5129,33008
5130,2276
5131,34606
5132,3294
5133,43369
5134,20591
5135,15055
5137,4219
5138,33114
5140,16464
5141,29522
5142,24552
5143,18920
5144,4094
5146,31261
5148,12250
5149,40262
5150,41168
5151,33757
5153,34113
5156,2717
5158,40321
5160,14187
5161,3971
5162,38771
5163,481
5165,6263
5166,9309
5168,28511
5171,2864
5172,1979
5173,13212
5174,14315
5176,16520
5178,25189
5180,34783
5184,1736
5185,32443
5187,30531
5190,4486
5191,34597
5192,22789
5193,8299
5195,3795
5196,31207
5197,18484
5200,31758
5208,11375
5209,11871
5212,31560
5213,3369
5218,5335
5219,39615
5222,26970
5223,24713
5224,11327
5225,33629
5227,40637
5228,20820
5229,31815
5231,30702
5235,47
5237,34502
5238,38761
5239,16122
5240,5819
5241,11231
5242,214
5243,40997
5244,18052
5245,2587
5247,29075
5248,3676
5249,22089
5250,27482
5251,22274
5253,43224
5256,22804
5257,22118
5258,11755
5259,28015
5260,4455
5262,37370
5263,11859
5264,18437
5265,36821
5267,14938
5268,28581
5269,6901
5270,28569
5274,15696
5276,41484
5278,23215
5281,1122
5286,4531
5289,36686
5291,30195
5296,12679
5297,15082
5298,21208
5299,42149
5300,26692
5303,16709
5304,21346
5305,44011
5307,4215
5308,14903
5310,17226
5312,11076
5313,35448
5314,8326
5316,3777
5317,32692
5320,42102
5321,19709
5322,24951
5323,24193
5324,20899
5325,11785
5326,18441
5327,20344
5328,5786
5329,43586
5330,41337
5332,34042
5333,17180
5334,13869
5335,14504
5337,43163
5339,5039
5340,1366
5341,31372
5343,35876
5344,10153
5345,5657
5347,39256
5348,5444
5349,32339
5351,42912
5352,33082
5353,9063
5354,19475
5356,37584
5357,34283
5359,31206
5360,7439
5361,43247
5362,42672
5363,14213
5364,41793
5365,2448
5366,22592
5367,33135
5368,17954
5369,24625
5370,26471
5371,25774
5372,6840
5373,38077
5374,39897
5375,27020
5376,35308
5378,26868
5379,2668
5380,34479
5381,10015
5382,22363
5384,9174
5386,12384
5387,23617
5388,29337
5389,38999
5390,39614
5391,28387
5392,32219
5393,18023
5394,2797
5396,33842
5397,33565
5398,12798
5399,22966
5402,6650
5403,6842
5404,23589
5405,13733
5406,26408
5407,43751
5408,22895
5410,33564
5411,21513
5412,1054
5413,43369
5414,40574
5415,18408
5416,29100
5417,4925
5419,27821
5420,34100
5422,3295
5423,15430
5426,42570
5427,26088
5428,12809
5429,12978
5430,23415
5431,16301
5433,17534
5434,26159
5435,3077
5436,14530
5437,7211
5438,27183
5442,20429
5443,16852
5444,43935
5446,30660
5448,22553
5449,36829
5452,5027
5454,11397
5456,20677
5459,3999
5460,37029
5462,16821
5466,6677
5468,22341
5469,12210
5472,41472
5473,31007
5474,22632
5476,5419
5481,30990
5483,27200
5484,13749
5485,26727
5487,23556
5488,26768
5491,16680
5493,8497
5495,29507
5496,11394
5498,11952
5499,11695
5500,5745
5501,11821
5502,19741
5503,3897
5505,38612
5506,6170
5509,14876
5510,42584
5511,21432
5512,37281
5514,2779
5515,12647
5517,16230
5519,31429
5520,20412
5521,4662
5523,35157
5524,41516
5525,23316
5527,6560
5530,24804
5533,24234
5534,28120
5538,42572
5539,5065
5541,23777
5543,14972
5546,5994
5547,19488
5548,14982
5550,29019
5553,26678
5555,23551
5556,18587
5557,22182
5558,5362
5559,41843
5561,28306
5562,881
5563,40234
5568,11110
5569,10047
5570,21519
5571,307
5572,7852
5573,25348
5574,14752
5575,28846
5576,8091
5578,44709
5579,31719
5581,44110
5582,8495
5583,25456
5584,31007
5588,15799
5590,31695
5592,12404
5593,39394
5596,36890
5597,41783
5599,29077
5600,29430
5601,10702
5602,21902
5603,4214
5604,368
5606,28436
5608,30171
5610,29957
5611,1158
5612,491
5614,19168
5615,34727
5616,12784
5617,29642
5621,32884
5622,1969
5623,41707
5624,5682
5625,1962
5626,10307
5629,35905
5630,14798
5631,26675
5634,19134
5635,41458
5637,8484
5639,31451
5642,38913
5643,751
5644,20428
5645,790
5647,41474
5648,23787
5649,9774
5651,1404
5653,33218
5654,23586
5655,19854
5656,10480
5657,43988
5658,5576
5659,25271
5660,15651
5661,28755
5664,13715
5665,7355
5666,675
5667,26852
5668,37579
5669,44191
5670,10513
5671,22507
5673,27886
5674,8224
5675,25057
5676,22992
5677,27231
5679,18944
5682,5468
5686,1751
5687,28369
5688,12154
5689,25934
5690,28392
5691,18679
5693,26715
5696,12034
5697,19814
5698,5511
5699,39468
5700,31282
5701,36370
5702,31934
5704,41728
5705,3225
5706,3198
5707,20643
5708,21428
5710,13518
5711,6012
5712,2388
5713,2048
5715,28109
5716,32107
5717,24208
5718,8123
5719,24365
5720,31228
5722,14566
5725,18593
5726,40308
5727,33050
5728,9702
5730,43982
5731,29201
5732,35437
5734,15316
5736,18907
5737,27988
5740,41655
5742,14942
5743,26175
5745,990
5746,5978
5748,32729
5749,19297
5751,39428
5752,2942
5753,38189
5754,28860
5755,10553
5756,31339
5757,19473
5758,25930
5759,8621
5760,22377
5761,39740
5762,19581
5763,11963
5764,26225
5765,1776
5766,31428
5767,11151
5768,22613
5769,27516
5770,41204
5772,36449
5773,4893
5774,31492
5775,1161
5776,20935
5777,169
5778,2637
5779,43781
5780,1565
5781,42292
5784,39545
5786,43149
5787,16491
5790,32035
5791,15025
5792,38536
5794,34212
5795,20236
5796,21717
5798,13232
5799,20743
5800,9114
5801,30733
5802,37885
5805,1357
5806,23452
5807,34677
5809,21768
5810,40310
5811,27897
5812,23835
5813,29642
5814,1988
5815,23716
5816,4993
5817,37197
5819,31917
5823,20578
5825,11523
5826,41635
5827,15907
5828,29999
5829,19708
5831,32167
5837,25701
5838,19069
5841,28757
5842,10798
5843,24054
5844,43505
5845,32598
5847,915
5849,35464
5850,4521
5852,7552
5853,43147
5855,22781
5856,26856
5857,35381
5858,20215
5859,21246
5860,25435
5861,4741
5862,28902
5864,26871
5865,31579
5867,6202
5868,39935
5869,6269
5870,2589
5872,24699
5875,38202
5876,29430
5877,35696
5879,31899
5880,33712
5881,24527
5882,1391
5884,21375
5885,15809
5887,39022
5888,8038
5889,37452
5891,18775
5892,36448
5893,30531
5894,12728
5896,997
5897,12941
5899,24174
5900,4687
5901,420
5902,20587
5903,24092
5904,26120
5906,27508
5907,27615
5908,41329
5909,5649
5910,6005
5911,7972
5912,36154
5913,32028
5914,29131
5915,916
5916,21255
5917,40571
5918,44438
5920,21944
5921,22770
5922,32601
5923,10805
5924,32168
5926,4765
5927,4442
5929,13295
5930,42330
5931,18262
5932,36004
5933,25361
5934,38791
5935,15532
5936,14207
5937,31223
5938,29454
5939,14911
5941,24381
5942,6264
5949,43828
5950,30447
5951,34049
5952,34724
5953,28906
5954,44141
5955,19971
5956,3032
5957,44412
5958,39628
5959,31629
5962,4248
5965,31794
5967,27614
5968,24333
5969,40826
5970,43679
5972,25952
5973,37740
5974,6311
5975,16037
5977,30089
5978,41308
5979,14261
5983,19461
5984,18423
5985,30114
5986,2207
5989,41168
5990,35746
5993,29858
5994,4791
5995,26732
5996,10988
5997,2789
5998,17122
5999,31798
6000,11577
6002,27149
6004,10160
6005,19416
6006,8046
6007,44398
6008,4601
6009,1304
6010,3308
6012,15452
6013,9177
6014,20705
6016,39327
6017,42152
6019,44129
6020,35991
6021,10381
6022,22806
6023,4491
6024,5939
6026,19479
6028,24685
6031,42034
6032,24633
6033,13706
6039,41850
6041,4321
6042,20961
6043,30732
6044,15589
6046,42716
6048,5870
6049,4819
6050,28898
6051,44139
6052,30821
6055,29319
6056,16500
6057,30660
6060,39086
6061,27387
6062,40126
6063,10227
6064,14866
6065,15590
6066,24614
6068,41570
6069,18023
6070,38431
6071,21471
6072,37846
6073,18201
6074,39941
6075,10885
6077,6592
6078,26648
6080,32008
6083,4073
6084,8475
6085,31456
6086,26446
6087,23670
6088,19731
6089,7925
6090,28515
6093,5615
6094,8653
6096,8216
6097,2822
6098,33419
6099,5658
6100,27420
6101,19487
6102,4405
6103,42022
6104,745
6105,1507
6106,13284
6107,5938
6108,39502
6110,22232
6111,31951
6112,40404
6113,17223
6114,43553
6116,41685
6118,12168
6119,36311
6120,8321
6121,30696
6122,9281
6124,20026
6126,2788
6127,40591
6128,6848
6129,29370
6130,1739
6131,44708
6132,2430
6133,23223
6135,38177
6136,8859
6137,27223
6138,34434
6139,8645
6141,35828
6142,36112
6143,34195
6144,25275
6145,1899
6146,38648
6148,31830
6149,6464
6150,31233
6152,20000
6153,29856
6154,22312
6155,39149
6156,3321
6157,3580
6159,1485
6160,34194
6161,41472
6162,38988
6163,15626
6165,28158
6166,18275
6167,19411
6168,31890
6170,21072
6171,13765
6172,6778
6173,11037
6174,22665
6175,3451
6176,1276
6178,7024
6179,12397
6180,16930
6181,20399
6182,10144
6183,40384
6184,25070
6185,20570
6186,20824
6189,23345
6190,3553
6191,4465
6193,33410
6194,5316
6195,40894
6196,36471
6197,21890
6198,9334
6199,15386
6200,5701
6201,43121
6202,1996
6203,21597
6204,32540
6205,18923
6206,43344
6207,24317
6208,18011
6210,14132
6213,13505
6214,35527
6216,25294
6217,27489
6218,4688
6219,42521
6220,32754
6221,23384
6222,41294
6223,32216
6226,12935
6228,1019
6229,6788
6230,39562
6231,22370
6232,9848
6233,42756
6234,25635
6237,11118
6238,12457
6240,1392
6241,44017
6242,6549
6243,31516
6245,10166
6246,395
6247,42999
6248,22165
6249,4455
6251,41729
6252,22092
6253,14539
6255,7207
6256,16646
6257,25730
6259,15843
6260,5259
6261,25741
6262,6077
6263,41357
6264,41362
6265,42183
6266,16269
6267,22072
6268,19071
6269,3702
6270,40208
6273,34095
6276,4536
6279,34470
6280,3993
6281,12013
6282,3878
6283,29483
6284,30928
6285,2087
6286,44561
6287,25487
6288,27463
6289,37486
6290,12368
6291,11318
6292,12744
6294,26481
6295,29260
6296,43327
6297,25662
6298,18176
6300,19914
6301,31301
6304,30831
6305,11111
6306,30324
6307,24869
6309,35683
6310,21824
6311,20211
6316,26440
6317,32563
6318,1216
6319,28462
6320,12622
6321,6032
6322,44236
6323,17710
6324,44057
6326,23022
6327,5163
6328,23103
6329,14817
6330,15708
6332,38061
6335,25261
6336,39677
6341,19849
6342,18890
6343,2887
6344,21197
6345,8734
6346,5819
6350,10482
6351,10160
6352,30745
6353,21717
6357,6950
6358,38421
6360,31556
6363,8634
6364,28939
6366,22939
6367,34017
6373,12344
6374,21393
6375,17226
6376,25262
6377,12085
6382,24164
6385,33997
6386,20985
6388,25688
6390,3761
6391,29454
6393,25546
6394,26035
6397,24917
6398,41885
6401,24817
6402,25037
6403,22051
6406,37027
6407,42182
6410,24377
6413,41103
6414,13727
6415,20999
6416,43959
6417,12706
6418,1255
6419,2473
6420,6644
6423,10600
6424,11122
6425,33544
6427,17744
6430,33629
6431,38448
6432,13830
6433,25569
6434,41663
6435,37336
6436,2024
6437,10573
6439,28064
6442,31762
6443,32530
6445,1678
6447,34640
6448,2827
6449,18659
6450,30294
6452,42282
6456,41537
6457,39198
6460,29022
6462,23101
6464,43810
6466,22002
6467,14071
6468,41262
6469,31670
6476,27284
6477,30305
6478,24925
6479,7161
6480,30926
6481,11393
6483,3463
6484,6692
6485,7891
6486,5104
6488,22531
6489,19087
6490,31489
6494,16471
6495,17791
6496,4491
6497,19225
6498,11830
6499,24925
6500,16837
6501,33663
6502,40169
6504,24267
6506,44410
6507,24628
6508,11648
6512,3374
6516,40434
6518,845
6520,11126
6522,23178
6523,5710
6524,38827
6526,18204
6527,17540
6528,37429
6529,5009
6530,34901
6532,21073
6533,19892
6534,20581
6535,44065
6536,25290
6537,20584
6538,31825
6539,17692
6541,15346
6542,34659
6543,25095
6545,22833
6546,7132
6547,18523
6548,28400
6549,28255
6550,10878
6551,5135
6552,31613
6553,25524
6555,22447
6556,44268
6557,33613
6558,2820
6559,22728
6560,39542
6561,27552
6565,3014
6566,31250
6567,14373
6568,7851
6569,27086
6571,44141
6572,27832
6573,16876
6574,10509
6576,17267
6577,21835
6582,11005
6583,42197
6584,15807
6585,27153
6587,22361
6588,8152
6589,10300
6590,13994
6592,7698
6593,43942
6594,25601
6595,20359
6596,28514
6597,6522
6598,32946
6599,32314
6600,1988
6601,29965
6602,7224
6603,31843
6606,31932
6608,37186
6609,21264
6611,21159
6616,27482
6618,35745
6619,22214
6621,16428
6622,5407
6628,33676
6631,8031
6632,12677
6633,25312
6638,6357
6639,380
6640,24283
6642,11826
6643,12718
6644,13108
6649,21012
6650,21723
6651,28390
6652,17862
6653,18876
6654,40224
6659,1053
6660,12414
6662,38472
6663,31071
6664,32475
6666,40817
6667,25670
6668,24205
6670,33361
6671,5701
6673,2863
6674,11603
6677,35442
6678,32670
6679,36387
6680,18447
6681,41069
6682,11860
6683,17949
6684,25649
6685,12686
6686,43613
6687,10047
6688,7096
6689,2740
6692,13045
6693,25180
6696,8820
6697,17023
6698,41298
6699,10695
6701,30473
6702,2692
6703,31484
6704,31283
6705,20826
6706,6751
6707,42757
6708,15258
6709,7032
6710,44156
6712,40819
6714,40292
6715,3047
6717,9462
6718,3815
6719,9358
6720,43179
6721,9774
6722,2705
6723,33366
6724,36072
6725,42242
6727,15140
6730,17154
6731,10402
6732,17599
6735,22950
6736,17963
6737,10149
6738,23317
6739,19359
6740,40897
6741,40138
6742,24796
6743,16821
6744,16166
6745,35710
6747,13525
6748,12837
6751,29131
6752,10099
6754,21341
6755,12172
6756,26485
6757,37643
6759,36378
6761,16481
6764,39756
6765,17610
6766,33245
6767,5267
6770,19824
6771,1547
6774,7784
6775,40721
6776,39241
6777,44619
6778,9019
6779,33888
6780,40665
6781,23949
6782,16468
6783,2605
6786,28194
6787,27304
6788,22346
6789,14050
6790,58
6794,5008
6797,35936
6798,7451
6799,32407
6800,14862
6801,16359
6802,43551
6803,32274
6805,26619
6807,34211
6808,17206
6809,4935
6812,31054
6813,35568
6815,18778
6816,8030
6818,15841
6819,27898
6822,23559
6824,38361
6826,28195
6827,146
6828,44565
6831,38825
6833,18153
6834,36823
6835,23576
6836,27007
6837,17064
6838,43813
6839,22295
6840,6342
6841,33836
6842,11940
6843,18806
6845,2203
6846,26222
6847,25211
6848,12696
6849,25223
6850,17158
6851,23996
6852,7057
6854,37417
6855,22975
6856,15006
6857,18415
6859,6206
6860,29823
6861,6569
6862,6143
6863,16215
6864,24196
6866,29644
6867,20171
6868,24441
6869,9894
6874,24290
6876,11500
6877,20853
6878,28990
6881,30754
6882,44205
6884,35271
6885,26090
6886,37108
6887,42745
6888,1497
6891,14685
6893,32534
6895,11882
6897,36114
6898,31405
6901,9169
6902,30164
6905,31995
6906,23109
6907,10208
6908,25903
6909,18503
6911,7878
6913,23856
6915,36343
6917,26615
6918,16203
6922,40118
6923,34836
6924,990
6926,28956
6927,3062
6929,3236
6930,26861
6931,35957
6932,24152
6933,42729
6935,19913
6936,21608
6937,18297
6938,798
6939,15787
6941,22305
6942,36444
6943,9298
6944,40309
6945,4172
6947,24435
6949,17904
6950,39911
6951,44285
6952,16758
6954,35955
6955,8921
6956,4902
6957,8091
6960,34507
6961,18058
6962,29132
6963,10211
6964,21896
6966,28321
6968,8485
6972,9670
6975,40716
6976,26207
6977,22925
6978,19009
6979,7101
6980,4209
6981,5812
6983,1366
6984,16515
6986,24003
6987,34089
6988,167
6989,36973
6990,20300
6992,25533
6993,19329
6995,25900
6996,6550
6997,19807
6998,4601
7000,450
7001,41541
7003,13082
7004,41390
7006,40618
7008,16835
7009,15128
7010,17448
7011,26146
7012,21110
7014,23805
7015,18052
7016,24473
7017,25672
7019,24609
7021,23124
7022,3374
7024,29668
7026,41703
7027,37847
7028,5297
7029,11977
7031,30556
7032,21000
7035,32284
7036,8272
7037,36327
7039,40233
7040,35154
7041,32146
7042,9621
7043,5411
7044,26657
7045,4086
7046,29273
7047,3599
7048,7022
7050,19295
7051,32477
7052,17331
7054,27047
7055,3569
7057,24184
7058,28046
7059,14804
7061,41602
7062,18962
7063,4043
7064,29628
7065,39802
7066,10551
7068,14695
7069,26088
7070,31554
7072,17531
7073,41467
7074,36747
7075,35750
7076,2439
7078,39682
7079,40378
7081,21003
7082,262
7083,38076
7084,44322
7086,18545
7087,31126
7088,34457
7089,13687
7091,21022
7092,39216
7093,30473
7094,32157
7095,24295
7096,22356
7097,42205
7098,5045
7099,11072
7101,39350
7103,20765
7104,16253
7105,12384
7106,37478
7107,35018
7108,19376
7111,25832
7112,42243
7113,32324
7116,3209
7117,27589
7118,33722
7120,16269
7122,21883
7123,31938
7124,5192
7125,3903
7129,5767
7130,15660
7131,1424
7132,33901
7133,35189
7134,17742
7137,36922
7138,40437
7139,2705
7141,1081
7147,12305
7152,21659
7153,27988
7154,28913
7156,37539
7157,11178
7158,37538
7159,36328
7160,1508
7161,23027
7162,8274
7165,12545
7168,10125
7169,26950
7172,28431
7174,26871
7175,5076
7178,44123
7179,33147
7180,26438
7181,14231
7182,43444
7184,25886
7185,11777
7186,23386
7188,28757
7189,35510
7191,11349
7192,41088
7193,30246
7194,38195
7197,10919
7198,23792
7201,42633
7202,22654
7206,18865
7207,32375
7209,275
7210,40098
7211,40904
7212,5707
7213,6771
7214,3358
7215,19276
7219,4549
7220,29414
7221,18058
7222,19319
7223,292
7224,24204
7225,27690
7227,43928
7230,21766
7231,21565
7233,3982
7234,8448
7235,23927
7237,34285
7239,3562
7240,7878
7241,38767
7244,2758
7245,30567
7250,28346
7252,23179
7259,24814
7261,5515
7262,17797
7263,1905
7264,11691
7265,31461
7267,44712
7269,6423
7270,22343
7273,3701
7274,1689
7275,23168
7276,8406
7277,31400
7278,14339
7279,26043
7280,14861
7281,32878
7282,43756
7284,18834
7286,18929
7287,43118
7288,954
7290,7147
7291,8574
7293,5422
7294,11344
7296,32270
7297,26016
7298,43838
7299,5779
7300,40953
7302,4903
7303,10763
7304,26696
7305,753
7306,25631
7308,29694
7309,29084
7310,13359
7311,27203
7312,15471
7314,11234
7315,27913
7316,40404
7317,26873
7318,15860
7319,44528
7320,5361
7321,39517
7323,43989
7324,298
7325,4985
7326,21248
7330,2076
7331,25967
7332,18611
7335,23191
7338,11313
7339,32725
7341,19569
7346,25512
7347,28706
7349,34412
7350,17398
7353,14671
7355,42260
7356,8197
7357,23016
7358,4538
7361,22754
7362,21784
7363,20223
7364,15457
7365,13686
7366,8733
7368,31867
7369,42292
7370,16767
7371,36701
7372,26682
7373,14751
7374,42259
7376,33766
7377,20752
7378,2959
7380,38253
7382,3648
7385,27914
7387,14812
7388,5651
7391,2076
7392,28237
7393,544
7394,12780
7398,9662
7400,41745
7401,28932
7402,33686
7406,21043
7409,28626
7415,5996
7416,44173
7417,29865
7418,17603
7419,36792
7421,37222
7422,13322
7423,11940
7425,20123
7426,13787
7427,23241
7428,16089
7429,24443
7430,41294
7431,24360
7432,43366
7433,43314
7434,2355
7437,22416
7438,11035
7439,39640
7440,31054
7443,6666
7444,15259
7447,34531
7448,39053
7449,34675
7450,24478
7451,41858
7453,41614
7454,32325
7456,1235
7457,4629
7458,35569
7459,4780
7460,38398
7463,41144
7465,27508
7466,5754
7467,11562
7468,1821
7470,20209
7471,18283
7472,5061
7473,29537
7475,16410
7477,8676
7480,1697
7483,6178
7484,1311
7485,15495
7487,12614
7488,8483
7491,3551
7493,40466
7494,7214
7495,672
7496,37447
7497,36216
7501,36922
7503,27485
7507,32183
7508,37063
7509,5434
7512,25912
7514,2015
7516,1976
7518,8602
7519,22495
7520,3350
7522,27235
7525,14247
7526,38430
7527,32346
7528,39030
7529,395
7530,5717
7532,41276
7534,33352
7536,8539
7537,26234
7538,5776
7540,17557
7541,42679
7542,666
7545,25911
7546,27832
7547,40388
7548,29966
7551,29063
7552,41537
7553,1068
7554,34561
7560,16931
7562,7794
7563,33390
7564,5408
7565,7923
7566,12929
7567,41362
7569,26250
7570,27350
7573,35880
7575,8000
7580,35567
7581,42481
7584,25787
7586,18213
7588,1400
7591,409
7592,4992
7594,44322
7595,5727
7596,2195
7597,42406
7598,44720
7600,22544
7603,31673
7605,42180
7608,39640
7609,9641
7610,28771
7613,26414
7615,39542
7616,22507
7617,14899
7618,10702
7619,12102
7620,16690
7621,31954
7622,44558
7625,34819
7626,5927
7627,2758
7628,18682
7629,33085
7631,20978
7633,42316
7634,39654
7635,21102
7636,35331
7637,28249
7639,16184
7640,27986
7641,10733
7643,23303
7644,42784
7647,37907
7648,40006
7649,5579
7653,21577
7655,3377
7658,15791
7660,19548
7661,14075
7662,33696
7663,640
7665,15381
7666,694
7667,40273
7672,29890
7674,18075
7675,3908
7676,5114
7678,20225
7679,28686
7681,41491
7682,7608
7687,29516
7688,12067
7692,33638
7693,12448
7697,22236
7698,21473
7703,1723
7704,33038
7705,491
7708,12018
7709,10821
7711,4394
7713,8172
7714,32595
7721,31097
7723,16119
7725,402
7728,22444
7729,42564
7730,8242
7731,22995
7734,18631
7737,28992
7740,20173
7741,17046
7745,20158
7747,34796
7748,37785
7749,36373
7750,28521
7751,20502
7752,6223
7757,1787
7758,17313
7761,5496
7762,31185
7764,39622
7766,42884
7767,38360
7769,28409
7772,18287
7777,20875
7778,35153
7780,5719
7781,39642
7783,25016
7784,19748
7786,17520
7789,44311
7790,7449
7791,34335
7792,18381
7794,43836
7795,10107
7797,15973
7798,34936
7799,44028
7800,44517
7801,18862
7803,1084
7804,33657
7805,23966
7806,31071
7808,2964
7809,36122
7810,14001
7811,13554
7813,29070
7814,42432
7815,7841
7816,11089
7817,16733
7818,5403
7819,15133
7821,6353
7824,34429
7826,23507
7827,4794
7829,7425
7830,37741
7832,26861
7833,23037
7834,2280
7836,16483
7837,4318
7840,15998
7841,16205
7842,30902
7843,44650
7844,29717
7845,21538
7847,35582
7848,19432
7849,27746
7850,31592
7851,35523
7852,7697
7853,38475
7854,19063
7855,2385
7857,5904
7859,33577
7860,2904
7861,32231
7862,10702
7864,33081
7866,20094
7867,11350
7869,12041
7870,10873
7871,17285
7874,36057
7875,37357
7876,25451
7878,18526
7879,44317
7880,27106
7883,3742
7885,43513
7886,5815
7887,14768
7888,44011
7889,41349
7890,9897
7891,25710
7892,13232
7893,44335
7896,8007
7898,14690
7899,3680
7900,24289
7901,41723
7903,20748
7905,25436
7906,28281
7907,43939
7911,7428
7913,24924
7914,23282
7916,4605
7918,20887
7919,22449
7920,38538
7922,24655
7923,22366
7925,15943
7926,35148
7928,12060
7929,13857
7930,24105
7932,12742
7934,35005
7936,1968
7937,31181
7940,31789
7943,4578
7944,25306
7946,2868
7947,22397
7948,36184
7949,26820
7951,44289
7952,26617
7953,42998
7954,31658
7956,31772
7957,5716
7958,8947
7959,32132
7960,29789
7961,25384
7962,14797
7963,13315
7964,42406
7965,26252
7966,37620
7968,12293
7969,40386
7971,31405
7972,20559
7975,12716
7976,22895
7980,20803
7984,15327
7985,29894
7987,32313
7988,5791
7989,37530
7990,16847
7991,38761
7994,38343
7995,39777
7996,6296
7999,23088
8000,4047
8001,3284
8002,30397
8004,23885
8005,15492
8006,33269
8007,29212
8008,22194
8010,40982
8012,16363
8016,23683
8017,1383
8018,39931
8020,6344
8021,6181
8026,11969
8027,1435
8028,12739
8030,12903
8031,35190
8032,15430
8033,39871
8035,19589
8037,2864
8038,34837
8039,41181
8041,26616
8043,32853
8045,24652
8046,10230
8050,23854
8053,4310
8059,5064
8061,25184
8062,23454
8064,22128
8066,5614
8067,35655
8069,15060
8070,40640
8072,39560
8073,23496
8074,16076
8075,14393
8077,26199
8082,31453
8083,18832
8085,37543
8086,1860
8089,9380
8090,39357
8091,22502
8092,33865
8093,37842
8094,21234
8095,10134
8101,20857
8103,12709
8107,7847
8109,11061
8110,28900
8112,449
8114,12222
8117,540
8118,15480
8120,8771
8122,44017
8123,10134
8126,13777
8127,21765
8132,33804
8133,41919
8134,7293
8135,27799
8141,43416
8144,26075
8145,21473
8146,23863
8147,890
8148,39924
8149,23007
8150,7132
8152,32098
8153,4037
8156,31748
8160,782
8165,27589
8166,23512
8167,14610
8169,42950
8172,7040
8174,24981
8175,1731
8180,4459
8185,5505
8187,43212
8189,751
8190,4419
8191,28465
8192,16652
8195,34433
8197,22813
8198,34932
8199,32305
8200,38403
8201,43665
8202,8004
8203,37175
8204,37516
8206,10618
8208,9767
8209,18654
8210,33893
8211,1751
8212,11282
8213,36465
8215,33830
8216,40146
8218,36206
8219,25335
8221,21597
8223,25212
8224,13682
8232,12350
8233,36501
8234,42982
8235,22427
8242,11740
8245,15042
8247,44174
8248,17046
8252,32462
8256,42837
8259,35418
8260,3377
8262,3774
8264,22197
8265,8032
8266,218
8267,4213
8268,16238
8269,6166
8270,3806
8271,24425
8272,34329
8273,44179
8274,22612
8275,21202
8277,21851
8278,1529
8279,13388
8280,24877
8281,514
8282,43076
8283,35707
8284,20383
8285,9641
8286,31417
8288,21012
8290,19761
8292,37147
8293,43069
8294,3862
8296,18271
8297,1595
8299,29585
8300,9664
8301,44067
8302,16595
8305,19559
8306,11131
8307,24376
8309,22745
8310,19336
8311,2295
8312,20340
8313,16149
8314,9353
8315,21784
8316,4555
8318,16774
8320,33482
8321,43770
8323,39785
8325,36541
8326,8429
8327,18506
8332,21962
8334,43152
8336,31611
8339,17594
8341,11681
8343,13842
8349,7530
8350,20105
8352,1746
8355,28879
8358,9011
8360,21657
8361,28642
8362,3061
8364,14981
8375,29852
8376,37404
8378,42211
8382,25193
8383,4791
8386,25905
8395,37806
8397,24366
8400,41895
8403,29109
8406,38171
8418,37963
8421,4418
8423,7966
8424,32306
8429,35161
8430,44301
8431,2937
8433,7206
8435,16933
8436,19955
8437,42568
8439,24133
8443,19799
8446,29466
8447,12210
8448,4925
8449,27577
8450,1709
8451,16002
8454,6582
8455,29288
8457,13045
8461,24296
8462,15136
8463,3119
8466,42139
8467,30946
8470,44296
8471,35805
8472,31247
8474,332
8475,18531
8478,25582
8479,19026
8481,25184
8482,23155
8483,9927
8484,16232
8485,36868
8486,32173
8490,32980
8491,11622
8492,9921
8493,19292
8495,4788
8496,18836
8497,41190
8500,1711
8502,27439
8503,32805
8504,30429
8505,40982
8506,40962
8507,3332
8508,7845
8509,8086
8510,4651
8511,780
8512,6286
8513,1371
8514,12499
8516,785
8517,43938
8518,6393
8519,4475
8520,22020
8521,1596
8523,18037
8525,1516
8526,23556
8527,27413
8528,40891
8529,23494
8532,12417
8534,17485
8535,37309
8538,20861
8539,15971
8541,42004
8542,35973
8544,40203
8545,35224
8546,36823
8549,17596
8550,28852
8551,18271
8552,7089
8553,16827
8554,29261
8558,3742
8559,33573
8560,24069
8563,28476
8564,3043
8565,43758
8566,35581
8570,38736
8571,6964
8572,42184
8573,14078
8574,17138
8575,5476
8576,24581
8577,25623
8579,7014
8581,40164
8583,9857
8584,37340
8586,29658
8588,31778
8589,37186
8591,7621
8592,42531
8593,20461
8594,11925
8596,13939
8597,19728
8599,40375
8601,39734
8602,43191
8604,41750
8605,10301
8606,10895
8607,17051
8608,25048
8610,31477
8614,31226
8615,24018
8617,22443
8621,39947
8626,29859
8627,23571
8628,35324
8629,38454
8631,24203
8632,34010
8633,22651
8634,43588
8635,6452
8636,29389
8640,15400
8641,41329
8642,24642
8643,8521
8644,7040
8645,40026
8646,36915
8648,11261
8649,41038
8650,41349
8652,29923
8653,2371
8657,13193
8658,20480
8659,41474
8660,30606
8662,6406
8663,5809
8664,25310
8665,6374
8671,30498
8674,23574
8676,20611
8678,26331
8680,16444
8682,19257
8684,32075
8686,29817
8688,28838
8690,42555
8692,43566
8697,15998
8699,19179
8700,36805
8703,675
8705,20923
8707,40804
8708,31595
8709,30805
8711,37503
8712,24691
8713,19093
8715,34963
8716,44710
8719,3629
8720,39941
8721,19219
8723,20180
8724,13494
8725,37617
8726,5986
8727,28370
8729,32062
8733,6468
8734,24044
8735,31765
8736,3307
8738,25994
8739,15388
8741,19303
8743,20610
8744,41829
8745,31168
8747,29816
8748,26444
8751,32087
8753,35486
8754,44268
8755,4924
8757,43197
8760,34770
8761,2553
8762,11289
8765,2182
8767,1402
8768,41759
8769,32377
8770,25780
8771,242
8772,18515
8773,23849
8774,1489
8775,32550
8779,7639
8780,368
8781,43347
8783,30278
8784,17848
8785,40436
8786,21549
8787,14188
8789,20223
8793,3359
8794,36476
8795,7326
8796,1565
8797,2878
8801,23820
8802,5250
8803,1937
8814,12642
8817,13046
8820,25873
8822,43501
8829,20439
8831,43627
8834,15740
8835,6720
8840,14385
8843,10371
8844,40996
8847,10171
8849,7824
8850,41640
8851,11339
8853,42735
8854,42304
8855,1264
8856,35442
8857,34845
8859,4010
8860,9466
8861,23307
8862,28046
8870,20093
8871,5001
8872,9618
8873,23566
8875,17126
8876,2521
8885,12523
8886,10099
8891,17137
8893,13900
8899,20973
8903,39504
8905,35637
8906,33800
8907,22035
8909,10481
8910,34045
8911,9495
8913,35010
8914,19948
8915,38962
8917,33237
8918,18162
8919,24246
8920,13474
8921,2538
8922,34251
8923,22456
8925,27285
8926,20368
8927,901
8928,18593
8929,18220
8930,44280
8931,38151
8934,25993
8935,40208
8936,25548
8938,21518
8939,22151
8941,19176
8942,39271
8947,42708
8949,32098
8950,20421
8952,21710
8953,29963
8955,34621
8957,35763
8959,22880
8960,19736
8961,24661
8964,25640
8965,40709
8967,41897
8968,26112
8972,10160
8973,39771
8974,17538
8975,23366
8979,16748
8980,32173
8981,19198
8983,13900
8984,8270
8989,33323
8990,25126
8992,5776
8993,24575
8995,5452
8996,43890
8997,12179
9000,5245
9002,34507
9003,30634
9005,13271
9006,14923
9007,12978
9008,4122
9010,21704
9011,39958
9012,5814
9013,6874
9015,27901
9016,6542
9017,9572
9018,22855
9019,14252
9020,10707
9022,27621
9023,4707
9024,24129
9026,14572
9027,38547
9029,41959
9031,41754
9033,19384
9034,3356
9035,19019
9036,18666
9037,10525
9038,17956
9040,12531
9041,34664
9042,20340
9044,40763
9045,6128
9046,15782
9047,24431
9048,40956
9050,3530
9052,32163
9053,7443
9054,11025
9056,17401
9057,12824
9059,15815
9060,19364
9063,31911
9064,14451
9066,13103
9067,15031
9068,9959
9070,29375
9072,35888
9077,34246
9078,11
9081,17924
9082,12307
9084,35793
9085,39375
9087,17501
9089,42880
9090,21598
9091,4901
9092,16962
9094,15491
9095,21674
9098,39588
9100,11857
9101,4448
9102,4842
9104,23523
9105,34954
9106,43374
9107,34693
9109,10087
9110,16261
9111,35094
9112,16305
9114,29922
9115,3
9116,28098
9117,3014
9119,7512
9120,7693
9121,12883
9122,28581
9123,17327
9127,10636
9130,37440
9132,18799
9135,20427
9139,4729
9145,4456
9151,34653
9152,27919
9159,13478
9160,19826
9166,3968
9169,37695
9170,3999
9174,19917
9175,36869
9177,10892
9183,28905
9186,14248
9189,24099
9194,5049
9195,20008
9197,16491
9198,2225
9200,17082
9202,2750
9204,5849
9207,42909
9210,12591
9211,20343
9213,39634
9217,24914
9218,26509
9220,15738
9222,22572
9224,2039
9226,21139
9228,23868
9229,37388
9231,16453
9234,16376
9238,28
9239,23969
9242,27300
9243,36058
9245,39236
9246,22863
9249,19018
9258,37854
9263,6589
9269,29816
9274,35746
9275,5730
9277,16725
9279,17646
9281,35416
9282,1078
9283,35880
9285,33299
9286,32983
9287,7750
9289,12946
9293,25618
9298,12453
9300,8738
9301,30596
9302,13054
9303,1835
9304,20559
9305,15840
9306,42788
9307,26779
9308,35127
9309,25595
9310,777
9311,24900
9312,27276
9313,21253
9317,3950
9318,42836
9319,22048
9322,16062
9325,31606
9326,33720
9328,33196
9329,21257
9331,14740
9333,25549
9334,42975
9337,31528
9339,4902
9344,17502
9347,34581
9353,4380
9357,12337
9358,21885
9363,5809
9367,14499
9368,4856
9372,3183
9374,42896
9375,147
9380,22623
9387,6995
9388,34375
9391,33343
9395,12359
9398,44034
9401,29815
9405,21192
9413,3602
9414,37719
9415,7731
9416,36911
9421,7471
9430,23861
9433,34611
9439,32837
9442,27408
9443,20685
9448,28142
9449,17118
9450,37438
9451,30130
9452,40194
9453,12032
9456,13221
9457,35671
9459,7286
9461,14396
9462,7010
9463,36915
9465,5209
9466,4214
9469,21723
9470,14375
9472,37262
9475,24197
9477,18979
9479,2721
9480,34469
9484,22422
9486,2536
9487,32993
9489,18465
9490,31559
9491,40891
9494,25561
9495,40208
9496,40270
9497,26850
9503,23274
9506,1262
9507,43002
9511,22169
9515,21537
9516,18624
9518,25317
9519,24332
9520,20250
9521,13611
9522,18266
9524,20167
9526,36184
9527,20432
9529,4605
9530,17389
9533,41738
9534,33710
9535,25835
9536,26462
9541,4286
9542,6019
9543,22299
9544,15646
9546,36244
9547,25699
9550,42219
9555,41714
9556,1820
9557,13829
9559,33104
9560,42085
9561,5561
9563,3914
9565,23946
9566,43070
9572,15042
9575,36432
9576,27556
9577,34253
9578,23903
9582,24955
9583,29421
9585,298
9588,42140
9589,41807
9591,38503
9593,28041
9595,25241
9596,41345
9597,5104
9598,42365
9600,40066
9601,12756
9607,21666
9609,26484
9610,14736
9611,12858
9612,13286
9614,38507
9618,41098
9621,3393
9622,37
9624,5110
9625,43916
9626,37694
9628,42860
9630,37231
9634,14520
9639,44034
9640,22764
9641,41196
9642,15125
9644,18833
9646,16970
9647,35228
9648,17695
9649,1225
9650,43688
9651,11790
9652,43908
9655,33152
9657,14140
9658,11310
9659,12280
9662,28240
9663,27809
9664,17480
9665,25146
9666,16557
9667,34909
9668,40477
9669,10552
9670,23637
9671,23827
9672,9735
9673,6243
9674,17681
9675,16348
9676,2200
9677,23495
9679,25521
9680,9713
9682,43492
9683,10495
9684,10445
9685,29059
9686,28085
9688,37947
9689,10032
9690,20161
9691,24104
9693,11001
9696,33272
9698,27402
9699,31555
9700,33045
9701,28742
9702,25158
9704,20099
9706,18437
9707,41953
9710,5408
9712,25961
9713,43518
9714,39298
9719,9829
9722,26816
9728,28184
9731,27514
9733,33284
9735,4263
9739,21828
9740,9207
9741,33581
9742,18012
9744,39199
9745,36376
9747,22099
9752,28775
9760,33739
9762,26220
9764,32494
9765,24606
9767,34786
9769,5942
9774,4832
9776,2806
9777,34341
9778,32959
9779,1831
9782,10652
9783,23456
9785,14382
9787,43822
9788,23773
9789,10570
9790,2175
9792,10616
9793,19638
9797,13668
9798,6961
9800,3420
9801,43526
9802,31651
9807,300
9809,12892
9810,914
9811,29224
9812,5158
9815,26145
9818,42245
9820,1067
9822,42726
9824,22750
9825,35087
9826,25252
9827,20669
9828,15278
9829,36540
9831,34143
9833,5933
9834,19923
9837,42687
9838,23943
9839,14300
9840,37956
9841,4669
9842,29062
9843,16700
9844,44713
9846,28192
9847,2589
9848,23140
9849,13708
9851,23811
9853,11087
9854,1129
9855,22889
9857,12462
9860,8204
9861,29565
9867,23209
9870,5485
9872,10618
9874,39428
9878,43524
9880,33839
9881,43062
9882,25450
9887,36194
9888,35383
9889,28713
9893,18224
9894,21911
9896,35163
9897,19846
9898,25242
9900,39038
9901,13542
9903,1515
9907,34755
9910,14798
9912,7326
9918,23540
9919,39759
9920,12653
9921,14071
9922,35459
9927,2905
9929,21348
9930,20452
9934,32770
9936,25290
9937,12048
9939,8953
9940,41350
9942,26062
9943,14443
9944,13220
9948,33249
9951,3251
9952,40207
9956,36015
9959,36151
9962,9555
9964,31018
9968,3624
9970,11637
9975,38360
9981,10822
9982,37710
9984,30607
9985,21135
9986,42286
9988,27370
9991,25042
9992,23360
9996,12058
9998,15452
9999,2315
10001,15476
10004,7615
10007,12149
10008,38507
10011,37406
10012,29613
10014,39110
10015,9640
10016,27646
10017,26746
10019,19382
10021,16153
10025,14721
10028,33700
10029,35331
10032,44370
10038,3507
10040,43986
10041,7050
10046,35630
10047,36857
10054,25771
10055,23254
10056,125
10057,42139
10067,25724
10072,32044
10073,438
10080,20907
10083,11299
10084,21485
10087,29201
10092,33825
10097,3332
10099,19730
10102,23798
10105,31203
10107,7878
10111,6860
10113,18385
10114,34650
10119,17941
10124,39094
10125,42402
10126,33708
10127,14958
10129,23872
10134,23771
10138,35934
10141,18271
10142,24660
10143,39198
10144,14931
10145,20774
10146,44133
10147,25438
10148,27377
10149,26036
10150,14873
10153,6483
10155,42705
10156,23500
10160,32657
10163,33533
10164,29441
10166,43049
10171,43186
10175,24624
10178,11301
10180,4175
10181,13852
10184,11062
10185,33943
10189,10255
10198,22880
10199,5815
10201,27911
10203,58
10204,27485
10205,27100
10206,3637
10207,10208
10208,23171
10211,7057
10212,1474
10215,41680
10216,44453
10218,4671
10219,1746
10220,35691
10221,18762
10224,1711
10225,16819
10227,28196
10228,4993
10229,32506
10230,17497
10234,9679
10240,16654
10242,26009
10244,35238
10246,27376
10255,35709
10258,17568
10259,23831
10260,30065
10262,38933
10263,21154
10266,42673
10268,31754
10269,33467
10271,17608
10272,21661
10275,4528
10276,24500
10277,34253
10279,26597
10281,37913
10283,9094
10284,24747
10285,24065
10287,17430
10288,10628
10289,23118
10291,31516
10292,21782
10293,44002
10294,28838
10295,1190
10296,44586
10298,30097
10300,17666
10301,3964
10303,26220
10305,18216
10307,33225
10308,39263
10309,24213
10310,31969
10311,38157
10313,11833
10315,9060
10316,40829
10317,29928
10319,24667
10322,9797
10323,10288
10327,27954
10328,2266
10329,36173
10331,31827
10332,41749
10333,2733
10335,24499
10336,6589
10337,1801
10338,2165
10341,21991
10342,19166
10344,17113
10346,18183
10348,16931
10351,10513
10353,32686
10357,7332
10359,23966
10360,38854
10361,3179
10363,17478
10364,15860
10366,9576
10367,10364
10368,26261
10369,3342
10370,792
10371,20399
10372,32318
10375,25478
10376,32490
10377,5934
10378,40197
10380,14820
10381,25713
10382,11601
10383,37850
10384,36523
10385,16999
10388,30125
10389,27688
10390,42947
10391,13656
10394,29796
10396,4402
10398,3230
10399,3661
10402,31444
10403,28467
10404,22549
10406,24370
10407,19905
10410,19053
10411,43395
10412,23668
10413,44268
10414,6289
10415,44097
10417,11785
10419,23537
10421,14737
10422,34083
10423,15326
10424,25787
10425,11489
10426,2380
10428,38047
10430,8596
10431,19886
10432,17011
10435,21417
10436,7213
10437,38344
10438,14092
10441,34017
10442,6783
10443,16787
10444,44120
10445,2372
10449,33358
10450,6301
10452,39845
10453,42921
10456,16917
10459,8242
10460,21128
10463,22887
10465,11557
10469,13689
10470,23432
10471,24260
10473,44021
10475,8564
10476,41620
10477,8658
10478,33159
10479,37262
10480,12863
10481,8248
10482,35031
10484,27288
10485,21602
10486,19364
10487,29810
10488,31120
10490,26884
10492,4922
10493,42166
10494,20958
10495,17503
10496,37835
10498,35031
10500,38449
10508,22713
10509,36888
10510,7026
10511,24935
10512,3800
10513,20549
10514,22203
10515,19032
10516,36004
10517,1909
10518,10608
10520,24182
10521,38166
10524,36446
10525,14460
10526,1654
10528,20844
10529,7363
10531,41793
10533,2633
10534,38839
10535,5787
10537,36103
10538,3792
10540,16642
10541,11819
10542,33223
10545,34165
10546,28024
10549,23387
10550,31969
10551,5035
10552,11557
10553,20880
10554,13193
10555,8767
10557,43527
10558,42278
10562,23351
10563,30269
10565,28228
10567,38657
10568,15807
10570,22882
10571,14206
10572,43613
10573,17882
10574,11121
10576,41200
10580,354
10581,8723
10582,3075
10583,27551
10584,40903
10585,31065
10586,43508
10587,41269
10588,33980
10590,30627
10591,42151
10592,6738
10593,6782
10597,37333
10599,23317
10600,5968
10602,28395
10603,32072
10605,2036
10606,14884
10607,15246
10608,934
10609,15906
10610,5376
10612,12893
10613,9301
10614,24339
10615,4688
10616,29291
10617,39742
10618,11776
10619,645
10621,27611
10623,9066
10624,9855
10625,28412
10626,42172
10627,39723
10628,107
10631,29363
10634,15104
10635,27580
10636,31951
10638,18832
10640,143
10641,17583
10642,28310
10643,24249
10645,35571
10646,6701
10647,34690
10649,6460
10651,20884
10652,2050
10653,43651
10656,14937
10657,7239
10659,44115
10661,26900
10662,14952
10668,40930
10669,18943
10670,5436
10671,27973
10672,38575
10675,15156
10676,39754
10677,6860
10679,15519
10680,9713
10682,27796
10683,33279
10684,6478
10685,14465
10686,26512
10687,24988
10690,43995
10692,20231
10695,26933
10697,13669
10700,15148
10702,12549
10704,35150
10705,40333
10706,28883
10707,33794
10708,14727
10710,4291
10711,33850
10712,40795
10713,37294
10714,38513
10715,35503
10717,8403
10719,8507
10720,16158
10723,25951
10724,25186
10726,43307
10727,22190
10728,32282
10729,44724
10730,41839
10732,41696
10733,12535
10734,41094
10735,10538
10736,15232
10737,21054
10738,9275
10740,38611
10741,39806
10743,805
10747,20293
10748,27575
10751,5419
10752,6065
10754,423
10755,7843
10758,2797
10759,11182
10761,2811
10762,31489
10763,24215
10764,10985
10766,27076
10767,26128
10769,28260
10770,238
10772,16390
10774,23351
10777,37368
10779,37333
10780,30545
10781,43796
10782,18103
10784,4070
10785,42692
10787,22917
10790,42448
10794,29644
10796,31540
10797,2673
10798,28927
10799,11178
10801,31350
10802,16921
10803,19713
10804,862
10805,6706
10806,35692
10807,31798
10809,27654
10810,23229
10811,23217
10812,14824
10813,22191
10814,43964
10815,32048
10817,6288
10818,26534
10819,8632
10821,38236
10822,23829
10825,36973
10826,31328
10827,35022
10828,27481
10830,5064
10833,5977
10834,33887
10837,19991
10838,19490
10839,40881
10841,15011
10842,6887
10846,8643
10849,1675
10850,9542
10852,41896
10856,7472
10857,6558
10860,16297
10861,34679
10865,17362
10866,15591
10867,17255
10868,22507
10872,25342
10873,2791
10874,21806
10875,43633
10876,33032
10877,30101
10878,35674
10879,8736
10881,33439
10882,6756
10883,20281
10885,31799
10886,21623
10887,37383
10888,11249
10889,25971
10890,29873
10891,15481
10892,14506
10895,36419
10897,3493
10899,6703
10901,18411
10902,38408
10909,18239
10910,6601
10911,44691
10913,26152
10914,19290
10915,44634
10916,3402
10917,1050
10918,19295
10919,35227
10921,22435
10922,16926
10923,32547
10925,10774
10926,22624
10927,32964
10928,4898
10929,2369
10931,20796
10932,17692
10936,39440
10939,34804
10941,15014
10942,39851
10951,32171
10952,39648
10955,31541
10957,14984
10958,38393
10959,44449
10960,31408
10961,30523
10963,31452
10965,24770
10966,12234
10967,19799
10968,24466
10969,21603
10970,17844
10971,16957
10973,29264
10974,2657
10975,22959
10977,24306
10978,37092
10979,5809
10985,38143
10987,13786
10988,4009
10989,37079
10992,20833
10993,20405
10994,31178
10995,17446
10998,34231
10999,10528
11000,5408
11001,14399
11005,36889
11008,6122
11009,4850
11011,39534
11014,25533
11016,5699
11017,41014
11018,5396
11019,40294
11020,4112
11021,19912
11022,26322
11024,32268
11025,23900
11031,2396
11035,8768
11037,34275
11040,30035
11044,39022
11045,23892
11047,43432
11048,38703
11049,10515
11053,33188
11055,20581
11056,4044
11057,6350
11058,34113
11060,41038
11061,6881
11062,4402
11063,35749
11064,4265
11070,36835
11071,32665
11072,31168
11074,6242
11075,20837
11076,42331
11077,9561
11078,22596
11079,36701
11083,41127
11084,17151
11086,19473
11087,12377
11089,39739
11091,16996
11092,17054
11093,41057
11096,7766
11101,37899
11103,14257
11104,20137
11108,38663
11109,13720
11110,16681
11111,35728
11112,28241
11116,9495
11117,35674
11118,27006
11121,14565
11122,9701
11123,14032
11126,28977
11127,13050
11128,28871
11129,19168
11131,20483
11132,2604
11133,20325
11134,22600
11135,3095
11137,36880
11139,2401
11141,42239
11143,28331
11144,3122
11145,3054
11146,40386
11148,34443
11149,15240
11150,44011
11151,13138
11153,40413
11156,9082
11157,31287
11158,4649
11163,34306
11165,19434
11166,3755
11167,37841
11169,30059
11170,36443
11173,30061
11176,29418
11177,9801
11178,31713
11179,20149
11182,33296
11188,15510
11189,35458
11191,7901
11192,24824
11193,836
11194,2401
11195,6759
11196,44016
11197,38407
11198,17541
11200,3718
11201,7147
11202,4470
11203,21574
11204,5274
11205,35427
11208,22194
11212,8074
11213,11301
11214,19186
11215,38403
11216,12344
11217,13849
11218,6086
11219,5222
11224,34098
11228,12924
11231,36949
11234,23794
11237,29366
11238,25936
11239,3032
11240,24525
11241,8341
11242,43792
11243,27070
11247,39271
11249,8293
11252,6743
11254,25486
11256,43630
11259,42258
11260,44636
11261,43730
11265,36789
11266,22392
11267,26066
11268,14519
11269,16361
11270,12448
11272,36843
11273,14469
11274,5899
11275,18447
11277,40399
11278,4746
11279,21344
11280,7326
11281,17740
11282,37125
11283,32861
11284,24044
11285,4305
11286,13578
11287,36290
11289,16952
11290,30491
11291,9742
11292,38506
11293,10207
11294,3758
11295,14958
11298,24886
11299,29270
11300,28956
11301,8216
11302,44148
11303,30637
11304,40452
11306,7734
11307,32559
11308,37339
11310,24303
11312,33254
11313,21294
11314,15805
11316,9085
11317,29757
11318,1590
11319,42485
11320,8814
11321,23651
11322,20437
11323,25277
11324,13815
11325,18550
11326,20140
11327,22296
11329,12340
11331,13123
11332,34581
11333,6683
11334,36639
11335,17819
11336,8172
11337,22119
11339,24104
11340,13681
11341,8423
11342,12692
11343,32487
11344,44007
11346,44265
11347,8156
11348,15276
11349,23894
11350,24421
11351,39768
11356,9200
11357,6264
11359,28719
11361,32147
11364,33193
11366,17841
11367,33497
11368,34245
11369,23638
11370,32137
11371,17579
11373,29793
11374,22269
11375,25839
11376,18593
11377,18437
11379,18511
11380,23048
11381,14617
11383,19465
11385,11976
11387,22557
11388,29742
11390,22853
11391,40496
11393,35034
11394,8132
11396,981
11397,18471
11399,2233
11402,10600
11406,12970
11409,14394
11411,12453
11423,26951
11425,7031
11431,36918
11433,25792
11436,26485
11437,18994
11439,12876
11440,8273
11443,9524
11445,8268
11448,26714
11450,39756
11452,6812
11460,37003
11463,31792
11469,5314
11471,33383
11474,25499
11478,1423
11479,6191
11481,12042
11482,34104
11484,4149
11485,20810
11488,21580
11489,36647
11492,7870
11495,6907
11497,22605
11498,11219
11500,24698
11501,22160
11503,28610
11516,22036
11518,9834
11519,11525
11523,23365
11524,20089
11525,25709
11528,18302
11529,25505
11531,16190
11534,2706
11535,9853
11538,4580
11539,32261
11544,1611
11547,24221
11553,21344
11555,9274
11556,17332
11557,30472
11558,15902
11559,16328
11561,28259
11562,10331
11563,35331
11565,12625
11566,3088
11567,25618
11569,14690
11575,3549
11577,34733
11581,11323
11583,33950
11584,40603
11589,2848
11592,41502
11594,22386
11596,33300
11597,38515
11600,10147
11601,34336
11603,19047
11604,26470
11605,24687
11606,28736
11607,36284
11611,17864
11612,42245
11614,39611
11615,41456
11621,12147
11622,19601
11623,7373
11626,2916
11627,35383
11628,31197
11629,15504
11631,5861
11632,40457
11634,34884
11635,39884
11636,28288
11637,20732
11638,28616
11639,23716
11640,3067
11642,6557
11643,41920
11645,34635
11646,15903
11648,20336
11650,7883
11653,21910
11654,24378
11656,40133
11658,20461
11663,21663
11667,12645
11670,8156
11671,23736
11674,17274
11677,3902
11680,28247
11681,18392
11685,3066
11686,2997
11691,26267
11695,4453
11697,39667
11698,35663
11701,6026
11702,34231
11706,32950
11708,27713
11710,28723
11711,24783
11712,11811
11719,16975
11721,14544
11722,10684
11723,42924
11724,40014
11726,33341
11727,23438
11730,4172
11732,15115
11733,12032
11734,42493
11735,3562
11736,17520
11740,3866
11741,11349
11746,44223
11749,44174
11751,40695
11752,14664
11753,6707
11755,41445
11757,37021
11759,32001
11760,24098
11763,29138
11768,2116
11770,25749
11771,4220
11776,38670
11777,13881
11778,2638
11779,18390
11780,42607
11785,43698
11788,39246
11790,24902
11791,20479
11792,24725
11793,26059
11795,131
11796,23811
11799,33919
11800,36015
11801,30163
11802,21113
11804,32494
11805,15734
11809,31960
11811,27592
11814,19365
11817,37541
11818,23716
11819,38536
11821,10357
11823,43694
11824,25054
11826,27753
11827,40960
11828,38616
11830,3363
11831,41644
11832,30098
11833,25016
11834,15253
11836,23293
11838,23600
11840,39454
11841,18279
11842,30171
11843,4597
11844,44646
11845,575
11848,42802
11850,28158
11851,42013
11852,27550
11853,30190
11854,33249
11855,2939
11857,1776
11858,17152
11859,7805
11860,7777
11861,5111
11863,35600
11864,6437
11866,42888
11868,24780
11870,12608
11871,9275
11876,26028
11878,38171
11880,20563
11881,32346
11882,11131
11884,43831
11885,38442
11890,24616
11891,41936
11893,42446
11894,27991
11897,15854
11899,31134
11900,44117
11902,31802
11905,39480
11908,35039
11909,620
11910,14532
11911,1062
11912,1961
11913,41520
11914,39616
11915,4788
11917,11304
11918,2731
11920,38268
11922,10586
11924,35224
11925,30675
11926,28980
11927,24648
11928,39331
11930,15001
11931,19670
11932,34233
11933,43067
11934,142
11937,8126
11939,15682
11940,12693
11941,4733
11943,20231
11944,3873
11945,32999
11946,26018
11949,20504
11951,11049
11952,30549
11953,27927
11954,39942
11955,21873
11956,25507
11957,20086
11958,32743
11959,35844
11961,7006
11962,21192
11963,11712
11964,27937
11966,35436
11967,18576
11968,9035
11969,12914
11971,27154
11972,26664
11973,16212
11974,12585
11975,4693
11976,34343
11977,27608
11978,13409
11980,2287
11981,11724
11986,9496
11988,16030
11989,16827
11992,26473
11993,4961
11994,41905
11995,18716
11996,30110
11997,34552
12000,3212
12004,41495
12006,7900
12007,27652
12009,6956
12011,6546
12012,312
12013,11
12014,44702
12015,43891
12016,5335
12018,41040
12019,12504
12020,19208
12025,29033
12026,5307
12028,39271
12029,40785
12030,9741
12032,31107
12034,29241
12035,41447
12038,31144
12041,43712
12042,29303
12044,17765
12045,28372
12046,10204
12047,41691
12048,41850
12053,17852
12055,10099
12057,40832
12058,31789
12060,16110
12063,43990
12066,41705
12067,10755
12068,28125
12069,31810
12073,18716
12074,11273
12076,10872
12079,7592
12081,22491
12084,10041
12085,12377
12086,24568
12087,44415
12088,11768
12089,21107
12091,40430
12092,41565
12094,4909
12095,17549
12096,10300
12098,10850
12100,34508
12102,4112
12104,5623
12108,35324
12109,40162
12113,22351
12114,21265
12118,14403
12121,41400
12123,4670
12125,33389
12127,27561
12130,32144
12137,709
12138,16913
12139,25202
12140,18064
12141,1981
12145,40272
12146,21962
12147,26356
12149,30330
12150,41383
12151,30052
12152,28980
12154,20685
12156,16440
12157,42264
12159,28060
12160,12627
12161,19431
12162,4922
12165,3690
12166,21986
12168,35864
12170,22363
12171,6485
12172,22963
12175,1730
12177,15435
12179,24725
12180,1721
12181,26181
12182,19087
12183,43963
12184,32345
12185,42198
12190,22992
12191,12710
12193,25457
12194,16483
12195,13737
12196,31942
12197,36764
12199,4864
12202,18860
12205,37355
12207,32479
12210,41189
12211,27263
12212,14531
12216,6044
12217,7855
12218,23841
12219,40629
12220,22099
12221,9630
12222,44188
12223,10915
12225,25263
12226,35496
12227,43980
12229,38704
12232,39708
12234,28323
12235,32361
12237,17548
12238,30081
12239,44472
12240,30089
12241,3283
12243,23422
12244,38204
12245,39987
12248,37294
12249,37984
12250,27007
12251,16021
12252,157
12256,12976
12257,8650
12259,43392
12262,3994
12263,1350
12264,29438
12265,37729
12271,39911
12274,22486
12276,6640
12277,43506
12278,17806
12280,15608
12285,24796
12287,11103
12289,18608
12292,33195
12293,17279
12294,41215
12297,14059
12298,274
12299,3981
12305,37058
12306,39932
12307,32582
12308,30085
12309,6483
12311,425
12313,44154
12315,12825
12316,26420
12319,19240
12321,29782
12326,22611
12328,4125
12329,18191
12333,3202
12337,24084
12338,14370
12340,37043
12341,32210
12343,18196
12344,28385
12345,26604
12346,12659
12347,9082
12348,34864
12350,22567
12351,10702
12352,28185
12353,21980
12354,36122
12355,28615
12359,27201
12364,28284
12368,31176
12370,43360
12374,22430
12377,33784
12382,25373
12383,4608
12384,24050
12385,35887
12386,10683
12387,15079
12390,24948
12391,18908
12394,14923
12396,16703
12397,35241
12398,1651
12399,34444
12400,42610
12401,38425
12403,38233
12404,32586
12406,3474
12408,9353
12409,10876
12410,1438
12413,12088
12414,22832
12415,42182
12417,42541
12419,13052
12420,11357
12421,22862
12423,43790
12425,42406
12428,7627
12429,20837
12431,28499
12432,41896
12434,8283
12439,20595
12440,23902
12443,23337
12445,7792
12446,20700
12447,8185
12448,1755
12449,15007
12452,33609
12453,26999
12454,30021
12457,41914
12458,3990
12461,9898
12462,30960
12465,22840
12468,18090
12471,19173
12472,35345
12473,9018
12476,4338
12479,181
12484,1438
12485,14719
12487,35121
12489,2681
12492,9060
12493,20631
12495,14956
12496,31555
12497,6085
12498,849
12499,21692
12504,6026
12507,16021
12509,1883
12510,21740
12511,9189
12514,10759
12515,21208
12516,12020
12518,39790
12520,20709
12521,20421
12523,6685
12524,21108
12525,15988
12528,3552
12529,5224
12530,37547
12531,13849
12535,4062
12536,33117
12537,27913
12541,30038
12545,12276
12547,6424
12548,38268
12549,37154
12550,5765
12551,775
12553,40678
12554,4313
12555,32095
12557,32216
12558,34797
12559,5144
12560,42357
12561,841
12562,31129
12563,36451
12565,27514
12570,2502
12571,42765
12575,38352
12576,4300
12577,13840
12578,28764
12579,44555
12580,13035
12581,9669
12582,18149
12584,41349
12585,16120
12587,8123
12589,37672
12590,17210
12591,211
12592,4670
12593,37018
12598,1304
12601,15059
12602,93
12603,16071
12606,27761
12607,26172
12608,4744
12609,18048
12611,34780
12612,1407
12613,9159
12614,17371
12615,34715
12616,41426
12617,16166
12618,6023
12619,22531
12620,11562
12622,44155
12623,22840
12624,9745
12625,14500
12626,17012
12627,19917
12629,31386
12630,3624
12632,11261
12635,36321
12642,40056
12643,11792
12645,3979
12647,10653
12648,37194
12649,30950
12651,1191
12652,3902
12653,38943
12654,6878
12656,4340
12657,6849
12658,40904
12659,20393
12661,6692
12662,34169
12663,38062
12665,11086
12667,18890
12668,127
12669,13691
12671,44469
12672,22332
12673,37710
12674,44008
12675,17984
12676,6770
12677,26480
12679,37340
12681,24198
12684,42315
12685,1389
12686,34794
12687,20029
12688,30846
12689,20428
12690,37674
12691,9797
12692,2292
12693,24775
12694,12635
12695,17147
12696,11368
12705,2991
12706,24050
12708,22887
12709,22890
12710,4489
12711,20113
12712,24940
12713,31671
12714,17103
12715,35180
12716,12677
12717,32102
12718,7693
12720,23837
12721,1746
12722,34418
12724,20999
12725,24217
12728,30154
12729,20123
12730,44490
12732,12749
12733,18706
12734,39059
12736,18570
12737,1382
12738,24115
12739,35862
12741,6204
12742,22089
12743,31449
12744,27595
12745,6915
12747,40904
12748,17958
12749,27426
12750,13869
12751,14089
12752,34677
12755,28897
12756,8218
12767,25138
12772,29644
12775,24915
12776,12346
12777,28421
12778,12743
12779,43126
12780,26805
12782,14922
12784,15845
12785,13492
12788,8026
12789,34149
12790,42537
12792,5918
12794,35855
12798,130
12800,5426
12802,431
12805,24369
12806,18120
12807,31261
12809,29437
12810,31779
12811,8853
12815,37541
12819,11316
12822,18532
12823,3171
12824,28477
12825,29574
12829,24264
12830,29846
12831,43974
12832,13637
12833,27056
12834,10514
12837,3313
12838,36721
12841,30495
12843,37938
12844,27430
12845,12194
12846,18235
12849,1491
12850,10384
12852,6090
12853,2116
12857,37081
12858,30534
12859,28719
12860,30756
12862,5132
12863,14709
12864,25741
12865,14183
12867,44566
12868,34272
12873,32042
12875,32304
12876,28586
12880,39319
12881,34368
12882,1491
12883,38415
12886,17466
12890,20551
12892,18261
12893,13897
12894,4289
12895,25118
12896,9
12897,17205
12899,17856
12900,44273
12901,34625
12902,21576
12903,3244
12904,27545
12905,9459
12906,27189
12908,30795
12909,27978
12911,29057
12912,21802
12914,13851
12915,23315
12918,26028
12919,28968
12920,4140
12921,27634
12922,5380
12924,6150
12926,25620
12927,3344
12928,41238
12929,8478
12930,25298
12931,18550
12932,23394
12933,30752
12935,19258
12936,16262
12937,30523
12940,27649
12941,31868
12942,11981
12944,35801
12945,33103
12946,34990
12947,42236
12948,39357
12949,27460
12951,27616
12952,16647
12954,40292
12956,15232
12957,23251
12958,21063
12959,19307
12961,8219
12963,13985
12964,16921
12968,34611
12969,2019
12970,5561
12971,19818
12972,5859
12974,2244
12976,2037
12977,31336
12978,11379
12979,33656
12982,33536
12983,44039
12984,14690
12985,26474
12986,32755
12987,37458
12988,24420
12989,40090
12990,38551
12991,26952
12994,11909
12998,8542
12999,31866
13001,43747
13002,39605
13003,19814
13004,21133
13005,34101
13006,4850
13009,25707
13010,3413
13011,36927
13012,44722
13013,19205
13014,22378
13015,35488
13017,6929
13022,6320
13023,32081
13024,20989
13026,33851
13027,24148
13028,25601
13030,4911
13031,33802
13032,9787
13033,38293
13035,43
13036,24567
13038,30359
13040,14306
13041,16213
13042,22113
13044,7201
13045,21835
13046,38767
13047,5077
13048,31905
13050,14516
13052,41672
13053,13131
13054,13287
13055,2777
13056,10105
13057,6184
13058,1703
13059,21610
13063,26231
13064,33074
13065,25218
13067,17255
13068,25139
13070,37372
13071,23663
13074,6152
13075,4418
13077,32749
13079,3260
13080,25286
13081,19818
13082,575
13083,1482
13086,10360
13087,35073
13088,43766
13090,20243
13092,41635
13097,30418
13098,35022
13099,11202
13100,32385
13102,35341
13103,16505
13104,34683
13105,18600
13108,34778
13109,12415
13113,1873
13115,42304
13116,15060
13117,41591
13123,36654
13124,14415
13125,34201
13127,41443
13128,36086
13129,21583
13130,20565
13131,39029
13134,35181
13135,38006
13136,5381
13138,29821
13140,950
13144,22519
13148,6439
13149,2042
13150,6745
13152,16345
13153,25143
13155,20072
13157,3856
13161,3465
13163,41098
13164,20215
13170,37661
13171,6698
13172,37922
13173,1557
13177,7540
13178,8436
13179,21973
13181,17587
13183,25677
13184,27349
13187,34045
13190,24260
13193,40696
13198,34815
13200,1227
13201,30714
13202,14733
13204,19889
13206,18842
13208,10541
13209,7988
13211,36041
13212,41371
13213,17009
13214,25157
13215,25245
13218,11735
13220,16094
13221,13544
13223,38713
13225,2033
13227,35888
13228,25986
13230,17835
13231,16037
13232,7734
13235,14363
13236,29671
13238,10839
13239,37067
13241,13828
13242,24299
13243,42628
13247,36282
13248,5391
13250,21571
13251,7862
13252,17542
13253,25977
13255,27434
13257,26075
13259,25816
13260,24925
13261,14382
13263,21749
13264,13042
13265,15434
13267,19449
13268,18714
13269,17618
13270,23857
13271,25214
13273,34671
13274,41906
13275,43968
13277,15017
13278,22178
13280,33557
13281,42723
13284,29472
13285,21438
13286,11932
13287,3480
13288,38353
13289,40199
13291,30747
13293,8586
13294,28881
13295,37910
13296,7552
13297,28778
13299,12280
13300,5009
13302,21406
13303,19589
13304,26889
13309,22952
13310,656
13312,933
13313,14215
13314,33101
13315,25468
13317,44695
13318,8975
13321,16468
13322,2532
13323,5593
13326,30870
13329,3938
13332,1975
13335,5666
13336,22318
13338,15069
13341,26417
13343,3674
13344,37527
13345,15469
13346,26245
13347,23974
13349,28158
13350,12692
13351,30272
13352,40436
13358,13341
13359,28887
13360,13238
13364,9166
13365,11048
13367,2858
13369,20803
13370,14169
13373,1255
13374,19028
13375,43675
13376,14257
13381,24432
13382,1160
13383,7811
13388,9555
13389,666
13391,6809
13392,22142
13394,21928
13396,18110
13398,374
13399,32126
13400,40550
13403,31618
13404,21303
13405,33304
13407,15065
13408,20490
13409,17795
13414,13699
13415,40281
13416,7890
13419,3845
13420,10684
13423,2182
13424,1352
13428,10743
13431,4124
13434,44387
13440,29408
13444,6136
13445,27930
13446,22990
13447,24245
13450,1437
13452,30704
13453,7514
13454,17340
13455,20080
13456,26248
13458,35622
13459,42744
13461,4571
13462,18926
13463,13839
13464,38371
13465,20548
13466,6739
13467,22629
13473,19462
13474,30569
13475,1746
13477,6145
13478,34709
13479,7048
13482,21885
13485,440
13487,22784
13489,33871
13490,32477
13491,1734
13492,17458
13494,31969
13495,10212
13497,15795
13498,36949
13499,31154
13500,7122
13502,34334
13505,30702
13506,11489
13510,13959
13513,4514
13517,5760
13518,12929
13519,12019
13524,11137
13525,24302
13526,13644
13527,3024
13530,25705
13534,10004
13537,38052
13538,4206
13539,2508
13540,29854
13541,23676
13542,33032
13544,2974
13545,29845
13548,19614
13549,38611
13550,6529
13553,12400
13554,15625
13556,22123
13557,18807
13559,816
13560,21996
13561,38009
13562,31669
13564,370
13565,12720
13566,25660
13569,5776
13571,26472
13572,24339
13573,7209
13574,40242
13575,32291
13576,37121
13578,3843
13579,30875
13581,14402
13583,34304
13584,42475
13586,44207
13587,6782
13589,28716
13590,35330
13592,18690
13593,38042
13594,5096
13598,19757
13599,26600
13600,19574
13601,38769
13603,10333
13604,21932
13605,29413
13608,8593
13609,39939
13611,19684
13612,10612
13613,4992
13614,13098
13616,22099
13618,1180
13620,14589
13621,38147
13622,39487
13623,1047
13625,5063
13628,11638
13629,22271
13630,7810
13631,28154
13632,44592
13633,7808
13634,27527
13636,27234
13637,39387
13639,10668
13641,44251
13642,20136
13643,28928
13644,3748
13645,16153
13648,34246
13649,24673
13650,33118
13655,22072
13656,29289
13658,31597
13660,2606
13662,9647
13663,27126
13664,21182
13665,19767
13666,10803
13667,11538
13668,22184
13669,12210
13670,25278
13671,42472
13675,1218
13676,13612
13677,38954
13679,12669
13681,29398
13682,40007
13683,39854
13686,3137
13687,24794
13688,1625
13689,22916
13691,29632
13692,25095
13694,12025
13696,12900
13699,25486
13700,24669
13702,28263
13703,34554
13705,38437
13706,30927
13708,21626
13709,19686
13710,35771
13711,20468
13712,26711
13713,32405
13715,40651
13718,40148
13719,34439
13720,16774
13724,31009
13727,9801
13729,44141
13730,7889
13731,23840
13732,34585
13733,19018
13734,2173
13736,3673
13737,215
13739,8550
13740,1602
13741,11870
13747,2015
13749,11605
13751,28904
13753,39230
13758,40976
13759,28063
13760,2736
13762,1063
13763,9578
13764,3207
13765,31229
13769,34236
13770,17251
13771,9105
13772,30253
13773,11290
13775,17955
13776,22544
13777,16211
13786,26688
13787,27933
13789,35592
13790,32714
13794,12277
13795,36117
13798,8355
13799,23519
13801,41666
13802,22473
13803,43926
13804,23837
13807,4870
13811,27055
13813,37816
13814,23438
13815,1096
13818,22354
13821,19926
13823,12179
13825,347
13828,6127
13829,7267
13830,28066
13831,11037
13832,37740
13834,17113
13835,34169
13837,10269
13838,9774
13839,26770
13840,33188
13841,17483
13842,13670
13844,23981
13845,36320
13849,18449
13851,4942
13852,40073
13853,33564
13854,279
13856,15958
13857,31865
13858,26114
13859,7795
13861,1574
13862,19287
13869,6155
13871,41900
13872,1116
13873,33004
13874,35474
13875,5379
13876,7641
13878,24278
13879,10720
13880,34507
13881,3854
13883,32915
13884,32671
13885,19439
13886,37371
13887,42950
13889,18794
13893,21657
13897,31803
13900,42271
13902,15246
13903,33228
13904,43263
13907,4186
13908,10600
13913,10406
13916,35543
13918,29640
13923,9881
13929,20476
13930,6434
13932,16833
13933,27366
13934,2869
13935,42265
13936,14697
13938,2840
13939,22154
13940,31364
13941,25836
13942,12114
13944,38241
13946,43879
13948,6846
13949,28932
13950,32917
13953,2238
13957,38343
13959,36801
13960,4088
13961,5794
13963,36482
13964,13376
13966,10425
13968,7431
13970,15682
13971,42245
13973,41519
13974,38064
13975,23484
13976,10685
13977,582
13978,22495
13982,30054
13985,6501
13987,26977
13989,6609
13990,27306
13991,4959
13994,19533
13995,43092
13998,5688
14001,861
14002,11037
14005,23201
14006,3695
14007,17884
14008,40620
14009,23466
14012,27713
14014,5752
14017,4140
14018,12528
14021,37243
14022,37490
14023,16719
14025,40350
14027,23208
14032,9585
14033,37387
14034,9067
14036,17345
14037,38982
14038,31864
14039,11723
14041,33052
14042,4855
14043,32427
14045,30288
14046,24156
14048,28099
14050,21313
14051,3126
14054,2375
14056,19474
14059,16878
14060,43476
14061,29887
14065,7250
14067,6061
14070,12145
14071,4558
14075,28990
14076,10534
14077,40140
14078,32220
14080,27432
14082,33861
14083,6281
14084,37587
14087,12410
14088,21582
14089,12598
14090,6918
14091,35957
14092,19296
14093,16970
14094,27458
14095,38745
14096,12530
14098,34597
14099,27308
14100,8429
14102,39136
14103,15096
14104,41448
14105,26317
14106,14487
14108,14958
14117,24062
14121,20538
14123,21139
14125,23556
14126,3963
14127,24632
14129,42795
14130,6178
14131,1475
14132,2765
14134,14672
14137,33303
14139,6827
14140,30266
14144,4840
14146,34618
14150,6024
14151,5699
14153,23149
14157,17744
14161,37825
14163,25238
14166,20077
14169,24395
14172,31177
14174,28851
14177,14350
14179,5030
14180,20359
14181,30766
14182,31691
14183,12462
14184,26694
14185,6815
14187,15599
14188,8293
14189,25486
14191,42254
14192,21427
14193,14407
14194,47
14198,29188
14199,22556
14200,36126
14201,20789
14206,16828
14207,9035
14208,43204
14210,29359
14211,38713
14212,24889
14213,40352
14214,42134
14215,43993
14216,3138
14217,43251
14221,4103
14224,5698
14227,19521
14228,36638
14229,43151
14231,13284
14233,23254
14234,22508
14236,14454
14237,34189
14238,35819
14239,44100
14240,689
14241,36190
14242,36791
14243,12657
14244,2008
14245,25216
14246,11597
14247,7880
14248,6622
14249,10741
14250,13732
14251,15290
14252,17719
14255,30941
14256,37633
14257,4750
14258,36756
14260,4144
14261,6983
14262,17939
14264,29735
14265,20103
14267,9618
14269,40260
14270,27863
14274,2081
14276,6433
14278,20025
14280,26770
14283,18161
14284,2488
14291,44671
14293,13059
14295,39556
14296,6489
14297,38421
14299,16338
14300,32942
14301,15699
14302,35643
14304,10582
14305,29174
14306,25120
14309,44395
14310,30330
14311,22325
14312,17920
14313,20505
14315,34554
14316,22647
14318,22438
14319,30174
14321,21085
14322,26091
14323,8992
14325,39274
14327,29374
14329,39935
14330,38880
14333,12676
14334,5238
14337,38062
14338,8375
14339,28207
14341,26983
14343,36376
14346,37384
14350,24517
14351,44113
14352,34409
14353,22668
14357,14021
14358,40203
14361,17662
14362,17170
14363,7165
14368,40312
14370,44419
14373,38400
14374,9496
14375,34687
14376,30954
14378,6357
14382,11844
14384,41106
14385,16413
14386,22980
14390,42787
14391,14422
14392,11845
14393,32679
14394,40475
14395,28380
14396,13128
14398,36498
14399,44022
14400,1141
14401,40496
14402,8546
14403,38498
14404,19753
14405,38322
14406,29537
14407,39127
14408,20346
14409,36018
14410,16099
14414,33635
14415,44161
14416,32489
14417,18517
14418,11900
14419,11956
14422,26256
14424,2875
14425,26760
14426,38288
14429,41912
14430,26894
14432,1443
14433,9824
14434,22011
14436,44049
14438,13902
14441,17909
14442,18205
14443,23098
14444,12319
14449,8320
14450,43713
14451,41243
14453,42699
14454,2656
14455,13487
14456,44204
14457,22342
14458,15953
14459,32861
14460,21175
14461,38377
14464,4921
14465,39112
14466,16444
14469,26327
14470,39468
14472,39380
14473,24321
14474,8395
14477,242
14478,15244
14481,14628
14483,9988
14484,11063
14487,27321
14490,33100
14491,24997
14492,33891
14494,39357
14495,447
14497,40603
14498,38003
14499,40260
14500,15160
14504,31846
14505,36701
14506,4475
14508,23663
14511,15791
14512,14080
14514,40079
14516,42220
14518,18962
14519,38997
14520,6237
14521,17359
14524,20764
14525,1195
14527,24396
14530,7125
14531,38794
14532,2884
14533,10813
14536,30612
14537,1529
14539,40018
14541,25931
14544,11615
14546,36781
14549,15656
14553,27809
14554,38675
14555,4350
14556,41141
14557,31383
14558,2553
14560,10436
14562,34200
14563,24575
14565,6322
14566,31396
14567,4045
14568,35892
14572,21684
14573,21802
14575,660
14576,3982
14578,13489
14580,3681
14581,6764
14582,39894
14585,6353
14588,5509
14589,27962
14592,1167
14593,39152
14595,41346
14597,35242
14598,29919
14603,19679
14604,43505
14605,33840
14607,10635
14610,13456
14611,42204
14612,34730
14614,32093
14617,5578
14619,39357
14623,39946
14625,675
14627,12315
14628,24581
14629,1542
14631,15750
14634,9792
14641,17916
14642,25746
14643,8644
14645,37722
14647,42158
14648,44208
14649,40263
14651,25762
14652,36123
14653,3892
14654,23311
14655,7376
14657,15659
14660,37635
14661,6012
14662,25888
14664,25869
14665,4650
14666,9769
14671,7801
14672,30667
14673,32688
14678,119
14680,43217
14682,41483
14685,24916
14688,40687
14690,13963
14693,29960
14694,25155
14695,20527
14697,32925
14702,9421
14704,40010
14708,6320
14709,40207
14711,14346
14714,4357
14715,39748
14717,29562
14718,9277
14719,9449
14720,434
14721,19326
14724,143
14726,37605
14727,2878
14729,10520
14730,28943
14731,31012
14732,29244
14733,1654
14735,41413
14736,23325
14737,16622
14738,9706
14739,21948
14740,43259
14741,19126
14743,26031
14747,4465
14748,23553
14750,37125
14751,11964
14752,13572
14753,37830
14755,41171
14756,22119
14759,14469
14760,29931
14761,26818
14762,13668
14764,24249
14766,37958
14768,17974
14771,25983
14772,33626
14774,31979
14775,12138
14776,14464
14777,22071
14778,23675
14779,5134
14781,20067
14783,1934
14789,879
14790,33402
14793,15803
14795,24323
14796,42826
14797,8934
14798,10899
14802,41885
14804,2236
14805,9675
14807,1351
14809,25882
14810,44260
14812,37585
14813,23552
14814,386
14815,37667
14816,5625
14817,4800
14818,14221
14820,44033
14821,27305
14822,25294
14823,40730
14824,4643
14825,8273
14826,24869
14827,27089
14828,15322
14831,40633
14835,4311
14836,1059
14840,3067
14841,27991
14843,25535
14844,38543
14845,37691
14847,15885
14848,9414
14849,6568
14850,2250
14851,14208
14852,11920
14853,12689
14854,3593
14855,13459
14857,43547
14859,27153
14860,24637
14861,32327
14862,15387
14863,20786
14865,7859
14866,281
14867,43244
14868,29435
14869,38821
14871,43566
14872,37656
14873,17802
14874,9110
14876,39061
14877,26877
14881,21276
14883,34286
14884,14293
14887,37829
14889,10438
14891,5989
14893,9559
14896,19053
14897,42765
14898,25606
14899,37377
14901,3342
14903,34602
14905,42628
14906,23458
14907,30814
14908,7723
14911,26805
14912,4487
14913,38476
14914,10726
14915,6536
14920,15538
14921,8594
14922,33976
14923,8007
14924,17333
14925,4784
14926,24669
14927,12592
14928,33016
14930,27832
14931,13771
14932,39797
14934,30442
14935,38565
14936,31995
14937,24997
14938,17074
14939,22182
14942,3088
14943,15125
14944,14006
14946,20498
14948,22156
14951,36744
14952,33208
14954,43837
14956,2289
14958,26326
14959,31381
14962,8680
14963,29555
14964,25190
14966,16551
14967,28497
14968,7050
14971,21235
14972,18272
14973,7273
14981,29418
14982,41553
14984,33116
14985,31822
14986,28114
14989,24165
14991,38269
14994,2527
14997,23373
15000,783
15001,18507
15002,32157
15004,39784
15005,22160
15006,17803
15007,34593
15008,25849
15009,37180
15010,39512
15011,44596
15012,646
15013,1227
15014,2945
15015,41850
15016,41484
15017,4126
15019,40514
15020,11614
15021,28390
15022,834
15023,802
15024,44437
15025,41196
15027,4215
15028,14821
15031,13058
15032,29840
15033,32023
15037,6432
15038,15738
15039,676
15041,40447
15042,35707
15043,33853
15044,8109
15046,3616
15047,27091
15048,31857
15049,33647
15051,2553
15052,36198
15053,6712
15054,20916
15055,4720
15056,37938
15057,14810
15059,36738
15060,43728
15061,20215
15062,28723
15063,42940
15065,23508
15066,7394
15067,37400
15069,29868
15070,35602
15073,37088
15075,29499
15078,10388
15079,28451
15082,30688
15083,44327
15084,33440
15087,27960
15093,17911
15095,17639
15096,122
15097,41910
15100,19431
15101,15006
15102,24803
15103,13973
15104,43495
15105,36716
15106,33632
15107,41907
15108,40168
15110,28934
15111,10866
15113,1174
15114,14408
15115,31126
15116,25669
15117,6667
15118,9174
15119,9328
15120,23249
15121,10662
15122,22509
15123,8376
15124,6013
15125,1031
15128,13080
15131,41841
15132,14844
15133,25644
15134,3636
15136,35569
15137,12338
15138,42181
15139,11988
15140,35875
15141,19290
15142,5858
15144,27957
15145,42482
15146,38299
15147,41609
15148,10046
15149,26017
15150,4641
15152,38141
15153,42475
15154,32086
15155,669
15156,26669
15157,37136
15160,43272
15162,24836
15166,22658
15167,44637
15169,4082
15170,23586
15175,16205
15176,6116
15182,28837
15184,27104
15190,5807
15193,28333
15199,107
15201,16511
15204,42925
15207,40055
15208,21724
15209,39194
15213,33804
15214,11215
15216,2315
15221,33901
15226,13675
15227,9831
15228,21747
15229,3876
15232,23481
15233,14704
15234,21168
15235,25753
15237,6205
15239,37869
15240,28248
15244,33439
15246,19758
15247,29135
15248,9036
15249,24435
15251,8321
15252,34062
15253,25035
15254,3576
15255,2401
15256,34263
15257,19888
15258,23742
15259,2616
15261,38575
15262,18004
15267,196
15269,31882
15271,25462
15272,41276
15276,32571
15277,26333
15278,8650
15281,40637
15285,802
15288,38273
15290,15704
15298,18497
15300,27479
15301,7147
15302,23854
15304,31306
15306,38118
15307,8829
15310,20154
15311,22544
15312,7210
15313,16167
15314,39356
15315,38384
15316,11853
15317,841
15321,1182
15322,27968
15323,7394
15324,30190
15326,43848
15327,32142
15328,38580
15329,13964
15332,7995
15333,35709
15334,3964
15335,19033
15336,21421
15338,29349
15339,34779
15340,12098
15342,30
15345,41883
15346,32044
15347,10576
15350,37232
15352,32743
15354,28117
15357,21647
15359,9614
15361,42026
15362,28243
15363,22797
15366,12900
15367,29844
15369,21889
15370,27673
15373,14581
15380,44350
15381,44218
15382,23861
15383,17362
15384,8875
15385,5935
15386,43510
15387,13022
15388,12706
15389,7221
15392,25468
15394,30517
15395,43885
15397,7687
15398,39489
15400,27783
15402,23144
15404,8686
15405,3576
15406,21896
15409,2624
15411,28094
15415,4126
15418,24023
15420,41813
15428,16798
15430,4707
15434,5223
15435,24608
15438,15480
15439,25751
15440,4158
15441,15468
15444,8748
15445,13452
15446,12694
15447,22287
15450,31882
15452,26511
15453,13088
15456,6917
15457,21979
15458,44476
15460,1833
15461,28872
15464,34322
15466,12562
15468,38126
15469,3805
15470,28891
15471,34495
15472,31178
15473,35646
15475,36194
15476,21556
15477,43937
15479,34584
15480,24148
15481,26933
15483,44225
15484,23454
15487,36473
15488,14245
15489,5608
15490,17234
15491,42618
15492,3010
15493,19364
15495,36786
15496,40520
15497,10460
15498,44697
15499,3485
15502,43633
15503,19696
15504,39350
15505,14121
15506,31452
15507,21632
15508,5326
15509,5345
15510,31836
15513,33063
15515,12924
15519,31316
15523,5816
15524,22957
15526,31860
15530,21653
15532,18755
15534,29278
15536,36518
15538,33550
15541,31708
15545,17119
15546,17327
15547,35383
15551,9177
15552,19096
15553,38358
15554,40335
15557,34851
15558,5219
15560,15338
15561,27712
15565,19063
15568,33285
15572,890
15573,14444
15574,44530
15577,27237
15579,37847
15580,3805
15583,11899
15589,8449
15590,44688
15591,19917
15593,30864
15595,13897
15596,22617
15599,21921
15600,23623
15601,39145
15602,20899
15605,29566
15607,44407
15608,42337
15609,29093
15610,10576
15611,1292
15613,24656
15614,21361
15618,21061
15620,39190
15621,18654
15623,7369
15624,24597
15625,3113
15626,3680
15628,30525
15633,28900
15639,13769
15640,25629
15641,41989
15642,29460
15646,38273
15647,34473
15651,25420
15652,25230
15653,19369
15654,7429
15655,402
15656,2998
15659,42218
15660,24667
15662,28422
15665,21294
15667,36885
15670,34612
15671,17022
15674,28875
15678,31996
15679,36455
15682,37707
15683,21209
15684,22091
15685,11497
15689,3506
15690,9622
15691,25465
15693,43834
15695,6693
15696,33234
15699,16724
15702,37521
15703,23716
15704,23727
15706,20465
15708,35262
15709,13109
15711,12121
15715,23182
15717,620
15719,29325
15720,44100
15722,31073
15723,21602
15728,44693
15732,39930
15733,32576
15734,43370
15736,38443
15738,42864
15739,27124
15740,18553
15742,5610
15743,4051
15744,44198
15745,23898
15747,41214
15748,15473
15749,11972
15750,32021
15751,106
15756,32490
15758,7016
15759,5593
15760,426
15761,1182
15762,5649
15763,19302
15764,16418
15768,24036
15770,18382
15773,26948
15774,19985
15775,33838
15778,34659
15780,25414
15781,28031
15782,43908
15783,3634
15785,42243
15786,8861
15787,22580
15788,23833
15789,19012
15790,21556
15791,16482
15793,23889
15795,284
15796,14948
15797,1050
15799,41477
15802,40733
15803,31159
15804,37830
15805,614
15806,27102
15807,26960
15809,39911
15811,36477
15814,40583
15815,14037
15816,11122
15817,38529
15819,5243
15822,21717
15824,21623
15825,35330
15826,4469
15827,23927
15828,43763
15829,17997
15831,40751
15832,14926
15835,34162
15836,11301
15837,19830
15839,41802
15840,42402
15841,17867
15842,19592
15843,22892
15845,25801
15850,22558
15851,16915
15854,27866
15860,12055
15862,5779
15868,3930
15869,21907
15871,13423
15872,19131
15874,7526
15875,9016
15877,34434
15878,3928
15879,32251
15883,5503
15885,13815
15887,32542
15888,27620
15893,24574
15894,19364
15898,31902
15899,600
15900,29179
15901,30753
15902,32963
15903,6687
15906,26626
15907,6595
15914,35794
15916,15762
15920,33101
15921,38611
15924,36039
15925,36999
15926,1423
15931,11881
15934,17710
15937,8462
15938,25264
15941,12904
15942,39009
15943,27018
15946,12046
15947,25771
15948,33042
15949,42495
15951,29251
15952,20259
15953,21091
15955,4382
15957,4291
15958,22912
15962,31956
15964,28626
15966,16452
15968,28421
15971,30832
15973,16297
15974,1946
15976,27599
15978,41893
15979,24455
15981,16395
15982,25958
15983,8005
15984,5362
15985,23067
15986,28228
15987,26757
15988,18578
15989,34440
15990,14127
15991,8822
15992,37336
15993,4111
15995,17311
15997,40157
15998,15019
16000,20015
16002,33152
16003,9311
16004,10819
16013,25185
16014,7041
16017,10298
16020,19015
16021,37284
16023,22186
16025,14598
16026,39487
16028,8920
16030,12159
16032,19699
16034,4733
16035,31672
16037,5608
16039,30471
16040,22061
16042,32755
16044,38605
16046,33034
16047,28939
16048,18329
16049,26110
16050,3266
16051,44672
16052,4921
16053,36803
16054,20327
16056,39256
16057,33954
16058,10163
16059,5229
16060,1494
16062,24400
16065,28345
16068,20867
16069,21642
16070,14925
16071,6120
16072,24081
16074,24245
16076,31126
16078,23857
16080,39509
16084,20955
16085,32807
16087,7592
16089,39471
16090,12845
16094,811
16098,13036
16099,42673
16101,25929
16109,6709
16110,29007
16112,6755
16114,29027
16115,13304
16116,761
16118,33813
16119,20814
16120,10646
16122,34136
16123,19306
16124,17871
16125,17165
16126,3268
16127,22474
16130,44725
16132,39275
16136,15052
16137,42420
16138,34656
16139,25320
16140,13878
16141,39926
16142,21296
16143,31012
16144,28005
16145,36860
16146,27453
16147,42933
16148,3706
16149,3669
16151,6366
16152,3328
16153,34898
16155,9921
16156,43719
16158,42406
16160,11075
16161,27244
16162,20629
16163,25077
16165,3275
16166,16048
16167,31627
16168,36459
16169,28310
16172,43810
16173,7234
16174,37133
16175,1374
16177,16358
16178,1712
16179,21543
16180,26868
16181,37784
16182,20506
16183,32316
16184,33576
16185,33398
16186,23316
16188,43229
16190,38895
16192,23032
16193,41616
16194,2357
16195,22996
16196,38417
16198,24693
16199,11695
16200,24157
16201,44255
16203,24272
16204,31942
16205,38571
16206,36132
16207,10941
16209,33668
16211,22432
16212,31655
16213,39946
16214,13789
16215,2756
16218,18042
16220,37285
16222,29627
16223,14816
16224,21400
16226,20437
16229,32527
16230,15761
16231,37415
16232,2855
16234,24240
16235,19911
16236,9670
16238,9655
16240,20002
16242,31233
16243,21999
16246,10928
16247,28591
16249,20521
16250,36910
16251,29927
16252,24793
16253,6561
16254,3257
16255,33116
16256,10866
16257,18876
16259,5717
16260,12249
16261,41153
16262,33295
16267,9901
16268,28898
16269,30374
16272,43488
16273,5688
16274,30511
16276,11569
16277,39852
16278,16692
16279,28126
16280,15300
16283,30656
16290,24842
16292,6443
16293,8574
16297,35572
16301,6142
16303,29976
16304,11101
16305,4351
16307,10610
16309,40944
16311,19718
16313,2972
16318,20639
16319,34974
16321,9536
16322,7181
16323,1479
16324,4520
16326,44420
16327,23884
16328,5244
16329,26775
16330,19203
16331,4692
16333,6943
16334,25702
16335,24423
16336,39920
16337,32293
16338,30270
16339,5035
16340,5335
16341,32745
16343,11318
16344,18402
16345,21682
16348,3422
16350,27256
16351,26736
16353,33617
16356,6538
16358,44045
16359,13010
16360,38529
16361,270
16362,14934
16363,31645
16364,8715
16367,41691
16369,29422
16371,28746
16372,13556
16373,2415
16374,35404
16375,1206
16376,6270
16380,18047
16383,42450
16385,36918
16386,31883
16388,15244
16389,27318
16390,31775
16395,22190
16396,16608
16397,6388
16398,1532
16399,6026
16400,27212
16403,12492
16405,39798
16408,25883
16409,18043
16410,39684
16411,19938
16412,5718
16413,27663
16414,7805
16415,35683
16417,35940
16418,40688
16419,15028
16420,15335
16423,24396
16425,11885
16427,4357
16428,10770
16430,33771
16432,42371
16433,8267
16438,18018
16440,416
16441,11121
16442,2724
16443,35691
16444,30026
16445,4959
16450,695
16452,30744
16453,14025
16454,12354
16456,31047
16457,16759
16458,39936
16459,9319
16461,23811
16464,5375
16465,18061
16466,1084
16467,12999
16468,16756
16469,40695
16470,34329
16471,19439
16476,39125
16477,4745
16478,30536
16479,24197
16480,2078
16481,23671
16482,43549
16483,3402
16484,10609
16485,27741
16487,16160
16489,17705
16490,39408
16491,39675
16492,25511
16494,25858
16495,5079
16496,21775
16497,28206
16500,19244
16501,17627
16503,37238
16505,43644
16507,8715
16508,24169
16509,2947
16511,22646
16512,36711
16513,38220
16514,9665
16515,28980
16516,28471
16519,35062
16520,40416
16521,32998
16522,12498
16530,2045
16536,15259
16539,15386
16542,23511
16544,8571
16545,42501
16549,19683
16550,40640
16551,11482
16552,42685
16554,13462
16557,32468
16558,33240
16560,7306
16564,1777
16569,32047
16571,13876
16575,9105
16578,10260
16580,16870
16582,34975
16586,12096
16588,32477
16594,42325
16595,37576
16596,42032
16601,30939
16602,3423
16605,37503
16606,10889
16608,44532
16609,5056
16610,1067
16613,17583
16614,3206
16615,4046
16619,8059
16621,40696
16622,12171
16624,22670
16625,37532
16627,24527
16628,36611
16630,10206
16631,15170
16632,35768
16633,36797
16638,43280
16639,16908
16641,4001
16642,38337
16643,30498
16644,32403
16645,4823
16646,36323
16647,23118
16648,519
16649,11474
16650,6436
16651,8793
16652,13211
16653,43141
16654,20224
16655,4377
16656,36366
16657,27331
16658,13960
16659,24014
16660,34272
16661,22917
16662,12354
16663,8075
16664,44505
16666,7470
16668,1382
16669,26852
16670,28769
16672,4879
16673,7495
16674,35887
16675,2527
16676,23122
16677,26730
16680,11019
16681,33735
16682,43916
16683,37254
16684,36444
16685,13683
16686,7871
16687,32938
16688,22584
16690,17863
16691,9699
16692,20761
16693,15682
16695,19312
16696,19556
16698,33142
16699,9068
16700,11727
16701,15107
16703,14672
16704,653
16706,21913
16707,30893
16708,8050
16709,2650
16710,33014
16712,6947
16716,13458
16719,27070
16721,3720
16723,41170
16724,6566
16725,30488
16726,22424
16727,27067
16730,32989
16731,22517
16733,26148
16735,33333
16737,26772
16738,26004
16739,4925
16742,30729
16743,21882
16746,8771
16747,565
16748,18047
16751,9018
16754,23574
16755,7117
16756,36784
16757,38550
16758,19458
16759,27994
16760,4629
16762,25873
16763,39568
16764,39353
16765,2242
16766,26087
16767,28988
16769,34656
16772,10866
16774,27384
16778,40976
16779,27429
16780,23299
16781,35787
16782,543
16783,13190
16784,28365
16787,33386
16792,37414
16796,7215
16798,3736
16800,8350
16801,1360
16802,13933
16805,39246
16806,40428
16808,38704
16809,2424
16810,8075
16812,33073
16813,13473
16814,18523
16818,20814
16819,43996
16820,3845
16821,31614
16822,31710
16823,13683
16824,30020
16826,43566
16827,11343
16828,17667
16829,23830
16832,11272
16833,29451
16834,10138
16835,21159
16837,774
16843,22707
16844,32614
16846,23324
16847,43204
16848,18751
16849,27172
16851,19756
16852,14406
16854,23559
16858,29623
16859,16149
16861,4005
16862,3427
16863,20994
16866,15611
16868,24902
16869,37669
16870,17187
16872,4547
16873,32330
16876,30873
16878,19007
16879,29786
16882,21096
16884,13005
16886,26189
16887,42885
16889,29229
16891,22120
16892,1785
16893,26024
16894,3206
16895,40677
16897,34166
16898,29557
16900,13719
16906,4756
16907,28260
16908,42716
16909,15974
16910,7922
16911,17076
16913,42588
16914,20255
16915,1856
16917,16279
16921,4506
16922,21685
16923,15998
16924,17007
16925,36967
16926,13971
16927,42846
16929,13275
16930,31753
16931,35703
16933,5998
16934,3598
16935,7976
16936,8072
16937,8769
16940,26030
16941,10055
16942,12063
16943,14612
16945,37398
16946,29915
16949,23519
16952,5160
16956,14291
16957,7762
16960,30867
16961,33100
16962,27325
16963,1878
16965,9122
16966,20958
16967,6748
16969,41516
16970,43515
16971,43085
16972,5815
16974,6979
16975,11020
16976,38293
16977,22739
16982,42817
16983,37062
16984,16936
16985,9463
16986,8729
16987,29858
16988,17817
16990,43875
16991,32966
16993,24299
16995,32355
16996,26190
16998,23164
16999,22483
17000,26670
17003,28774
17005,42009
17006,15541
17007,43058
17009,34684
17011,18120
17012,33709
17014,38252
17022,37867
17023,19146
17024,1751
17029,31776
17030,34544
17031,20167
17032,4317
17033,8126
17034,32383
17038,17003
17044,5520
17046,6582
17047,25690
17050,4200
17051,44652
17052,36603
17054,24982
17055,35373
17057,34064
17058,37960
17060,498
17062,41896
17064,5862
17066,22301
17072,10932
17073,22144
17074,41783
17075,34013
17076,37680
17077,20364
17079,19131
17080,34870
17082,20531
17083,31810
17086,14714
17088,38878
17089,30071
17091,8517
17093,9991
17096,15568
17099,33237
17100,4811
17102,22816
17103,23902
17104,6602
17105,16683
17106,10714
17107,27130
17108,42107
17109,28060
17110,4984
17113,7903
17115,4153
17118,20392
17119,35468
17122,5702
17124,28194
17125,17337
17126,29045
17129,38562
17131,40149
17132,8967
17136,44663
17137,4908
17138,37760
17141,26710
17142,20161
17143,15653
17144,914
17145,18583
17146,4955
17147,15148
17149,29460
17151,24975
17152,26979
17153,37647
17154,20587
17155,32535
17156,39129
17158,9035
17159,21091
17160,29733
17161,22943
17162,11612
17165,44040
17167,44295
17168,18367
17170,36850
17171,22387
17172,28102
17174,4065
17175,18613
17176,9347
17178,8907
17180,42893
17181,6414
17182,12264
17183,41235
17185,42482
17186,12927
17187,35560
17188,34414
17189,23130
17190,37791
17191,23655
17192,42612
17193,32750
17199,16676
17200,13643
17201,10218
17203,16893
17204,13223
17205,7996
17206,29091
17208,25394
17209,1758
17210,15131
17211,14089
17212,4746
17213,17812
17217,41680
17218,40014
17220,9415
17221,40345
17222,36656
17223,15745
17224,5819
17225,30010
17226,34062
17227,28350
17228,26604
17229,10682
17234,42922
17237,43467
17238,23558
17239,37942
17244,37548
17247,38851
17248,13071
17249,510
17251,22935
17252,8326
17253,18385
17255,27239
17259,32251
17260,9693
17261,25885
17263,23532
17265,37
17266,40847
17267,27426
17269,34100
17270,41960
17271,33042
17273,14682
17274,39124
17276,19736
17277,35770
17279,2753
17282,14726
17284,18884
17285,7281
17286,38837
17291,19311
17296,21299
17297,18696
17300,23266
17301,34228
17302,34417
17305,8294
17308,31521
17311,23790
17313,14098
17314,15941
17317,13583
17318,1352
17320,38548
17322,16364
17324,34702
17325,33669
17326,17645
17327,27077
17329,21488
17331,39002
17332,26893
17333,13071
17334,23960
17335,8283
17337,1926
17338,18777
17339,30525
17340,5606
17341,44407
17344,9822
17345,17567
17346,6961
17348,29431
17349,23225
17350,28812
17351,2643
17352,2713
17353,15532
17355,39314
17357,32975
17359,41151
17362,135
17364,40196
17366,38523
17368,27608
17370,30397
17371,10588
17372,33875
17373,44645
17379,26885
17381,401
17382,6963
17385,9847
17389,29488
17390,28188
17392,811
17393,41609
17394,35233
17395,26978
17396,34836
17398,21473
17401,16957
17402,10203
17403,33038
17404,38192
17406,40310
17407,12684
17409,26063
17410,21235
17412,10755
17414,42946
17415,29739
17416,39504
17417,40720
17418,20325
17419,3281
17420,28695
17421,18692
17423,19450
17425,27751
17426,33379
17429,41379
17430,27617
17432,28230
17434,41460
17437,27362
17439,5624
17440,34676
17441,21045
17446,27450
17448,25301
17450,5076
17451,26530
17454,11238
17455,24654
17457,9005
17458,21569
17459,44729
17462,34990
17464,13409
17465,41899
17466,40283
17467,31786
17468,41633
17469,31558
17470,14432
17472,33549
17473,31344
17474,39723
17475,17728
17476,38520
17478,30982
17480,28532
17481,18366
17482,22213
17483,42816
17484,38226
17485,22107
17487,4011
17488,625
17489,34142
17490,12578
17491,25126
17492,27175
17493,19924
17496,40817
17497,2721
17498,13641
17500,29605
17501,27423
17502,25929
17503,4962
17504,25203
17506,15258
17507,28702
17509,6855
17511,25178
17512,43457
17513,11060
17514,26607
17516,42049
17517,720
17518,21188
17520,24917
17528,33879
17531,17791
17533,27153
17534,43211
17535,24451
17538,33981
17540,36942
17541,27111
17542,32273
17543,3815
17546,1275
17548,17538
17549,1796
17551,27622
17557,3541
17560,11482
17561,22200
17565,5043
17567,19126
17568,44159
17570,28061
17571,9114
17572,28277
17577,25835
17578,15493
17579,34368
17581,18794
17582,41847
17583,1425
17585,4639
17586,34963
17587,40263
17589,24257
17591,9790
17594,14926
17596,22582
17598,17373
17599,37089
17602,23801
17603,35168
17604,23308
17606,19991
17607,22293
17608,24818
17609,39190
17610,34525
17612,16781
17614,31277
17616,17051
17617,34083
17618,34075
17620,23199
17625,39345
17626,2990
17627,44251
17628,15809
17629,5063
17633,35678
17636,6163
17637,23156
17638,9686
17639,44033
17641,6874
17642,25115
17643,23738
17645,28897
17646,3960
17648,28808
17649,8495
17650,14046
17651,1540
17652,20051
17653,28936
17655,6316
17657,2692
17659,37544
17660,12274
17662,40240
17663,31890
17666,9110
17667,31024
17668,32140
17670,23357
17671,14470
17672,44387
17673,14144
17674,6696
17675,5472
17677,4231
17681,35903
17685,36302
17686,2192
17687,26731
17689,19924
17692,28717
17693,4475
17695,4143
17697,10292
17698,13998
17702,23188
17704,25451
17705,12504
17707,21782
17708,28664
17710,25223
17711,13724
17712,9166
17714,9217
17719,22078
17720,38856
17721,3521
17722,26100
17725,25124
17727,17721
17728,6714
17731,11805
17732,22861
17734,21557
17737,32740
17738,37477
17739,13998
17740,14536
17741,28745
17742,33116
17743,21553
17744,30953
17745,39457
17746,24521
17747,35842
17752,42751
17755,2377
17757,4139
17759,31187
17760,26244
17763,25884
17765,24111
17766,40143
17769,32856
17771,2939
17774,20763
17775,41106
17776,63
17777,27530
17779,35474
17780,23742
17786,23017
17788,1555
17791,24973
17793,15708
17794,5008
17795,28969
17797,41445
17800,35434
17801,19324
17802,169
17803,43014
17806,11000
17809,35233
17810,43688
17812,37591
17813,12440
17814,30700
17816,25340
17817,19797
17819,35694
17820,13090
17824,12920
17826,39962
17827,16130
17828,17851
17829,25213
17830,43754
17833,33996
17834,4215
17835,21903
17836,37683
17837,24986
17838,32457
17839,24664
17841,17931
17844,35396
17846,38609
17847,4202
17848,11753
17849,32491
17851,15595
17852,11123
17853,41559
17854,37753
17856,9677
17858,11975
17860,33859
17861,3072
17862,10588
17863,23524
17864,28282
17866,37732
17867,7400
17868,17830
17871,10798
17872,37435
17873,13431
17874,2829
17876,9745
17877,25699
17878,32729
17881,7179
17882,41768
17883,32292
17884,19566
17887,23191
17888,11131
17891,37196
17892,20356
17893,9293
17894,5931
17899,34440
17900,39639
17901,34254
17902,15272
17904,25264
17908,34584
17909,7370
17911,6631
17915,40277
17916,41606
17917,17392
17919,26708
17920,35435
17921,24513
17924,18768
17925,24801
17927,19380
17928,21253
17931,34283
17937,42115
17938,35850
17939,24816
17941,13026
17944,3677
17947,24036
17948,10124
17949,29985
17951,37195
17952,568
17953,17102
17954,15580
17955,5412
17956,11680
17957,5773
17958,24961
17962,7448
17963,16341
17965,33218
17966,20452
17967,35281
17968,24648
17969,188
17971,6744
17973,40327
17974,3136
17975,7210
17976,26298
17979,20415
17982,34870
17983,3924
17984,39558
17985,1633
17988,37912
17990,30719
17992,1079
17993,17005
17994,14089
17997,11855
18000,3945
18002,40881
18003,28892
18004,4244
18007,32173
18008,3501
18010,44735
18011,21376
18012,35612
18013,24787
18014,33873
18015,31037
18016,15943
18018,36863
18019,15441
18020,567
18021,23071
18022,15370
18023,43603
18024,19807
18026,35510
18027,34694
18029,6061
18031,31271
18033,13978
18034,41984
18035,38584
18036,14598
18037,15524
18039,5571
18040,23415
18041,27019
18042,29905
18043,23164
18044,42716
18046,33357
18047,3719
18048,21998
18049,6456
18050,34218
18051,33891
18052,29951
18053,39105
18054,14708
18057,34064
18058,27428
18061,31955
18063,20924
18064,22933
18065,20491
18068,2990
18071,24297
18073,25704
18075,43278
18076,25012
18077,28333
18079,10111
18081,20356
18083,16662
18084,42682
18087,37444
18089,7234
18090,41180
18091,2495
18092,44635
18094,4816
18095,25756
18096,31304
18097,17038
18098,17478
18101,6526
18103,29609
18104,21789
18105,8633
18106,34332
18110,9776
18111,6799
18113,3086
18114,30735
18115,7198
18116,12162
18118,39754
18119,44173
18120,25288
18121,28321
18122,10613
18123,8271
18125,11824
18126,17352
18127,31190
18129,37391
18130,34245
18134,24783
18135,18454
18137,8961
18138,20350
18139,38055
18140,28046
18142,33664
18145,22465
18146,21703
18147,33326
18149,24504
18150,32408
18151,24426
18153,7922
18154,13950
18161,12551
18162,42157
18165,33861
18166,20021
18175,418
18176,6157
18177,33674
18179,29586
18182,29212
18183,33383
18187,20357
18188,18039
18191,30114
18192,17046
18196,1295
18198,36519
18200,29585
18201,26733
18203,36082
18204,31070
18205,3392
18206,2673
18207,14967
18209,24617
18210,30636
18211,38698
18212,12819
18213,24574
18215,8597
18216,32186
18220,35106
18221,14505
18222,38095
18224,17322
18230,38052
18232,27288
18233,15400
18235,15654
18239,44573
18241,26181
18244,8775
18248,5104
18249,42836
18251,12844
18254,24605
18256,65
18259,32144
18261,18146
18262,40277
18266,8418
18268,37117
18269,37077
18271,5774
18272,39593
18275,37878
18277,22495
18279,8339
18280,7261
18283,31611
18284,13751
18285,11460
18287,41502
18291,34069
18294,23218
18296,24320
18297,24754
18298,8481
18302,22303
18304,39914
18305,44364
18306,9015
18308,35804
18311,2755
18313,43550
18315,21131
18321,40074
18322,21098
18324,20206
18326,8175
18329,37462
18332,44527
18333,18620
18337,24505
18338,39862
18339,23965
18340,26078
18341,9211
18342,6136
18343,29377
18344,33240
18345,41721
18348,39672
18349,42767
18352,17722
18353,32516
18355,12944
18356,1422
18359,38014
18364,22625
18366,35818
18367,21605
18369,32294
18370,29794
18371,18595
18372,25731
18373,44354
18374,42570
18375,43313
18376,34932
18377,23365
18378,31978
18379,6709
18381,16072
18382,13048
18383,3923
18385,9317
18387,31270
18388,7113
18389,18326
18390,9239
18392,37785
18394,12718
18396,5665
18399,14836
18401,7827
18402,6353
18407,14533
18408,33157
18410,29460
18411,25978
18412,14981
18414,8180
18415,21582
18416,22873
18422,13821
18423,32370
18424,36786
18425,23690
18427,2783
18428,25116
18429,18415
18430,27911
18433,40073
18436,32125
18437,21167
18440,1927
18441,25195
18444,19692
18445,25324
18447,31401
18448,5049
18449,34226
18452,8280
18453,23333
18454,32256
18457,23568
18458,16851
18460,17337
18461,32839
18462,13702
18463,20026
18465,3225
18466,13046
18467,10111
18471,33213
18473,15321
18474,219
18476,3786
18477,10368
18478,36212
18479,42182
18481,12160
18483,41533
18484,20524
18485,21344
18487,31192
18488,41480
18492,40161
18493,13346
18494,32663
18495,17873
18496,42138
18497,5902
18498,13415
18499,24256
18500,26544
18502,20116
18503,36337
18504,40500
18506,25300
18507,2532
18508,23345
18510,40444
18511,24950
18512,26840
18513,30498
18514,30262
18515,14802
18517,39001
18518,26776
18519,41361
18521,30676
18523,22241
18524,8773
18526,25338
18528,24188
18529,26128
18530,40235
18531,30002
18532,11914
18534,33628
18535,22818
18537,43691
18538,14984
18541,37244
18542,10475
18544,22011
18545,9242
18546,22597
18547,34251
18548,19032
18549,10599
18550,15441
18551,2391
18552,21683
18553,40865
18555,883
18558,27217
18565,31768
18566,38326
18570,18934
18571,22867
18572,3760
18573,41100
18575,11986
18576,20850
18578,16085
18579,28723
18580,30023
18583,10856
18584,31354
18586,31150
18587,20023
18588,26889
18593,28851
18594,14751
18595,34786
18596,29868
18597,22357
18598,31796
18600,21362
18601,38093
18603,5592
18604,1547
18606,22972
18607,17603
18608,22506
18609,26365
18610,23820
18611,15580
18613,34361
18614,37709
18617,24521
18618,23535
18619,31211
18620,40715
18621,1408
18624,5001
18625,43174
18626,9054
18630,2446
18631,29263
18635,22831
18636,20961
18638,13447
18639,20741
18640,37565
18641,4783
18642,33875
18643,576
18647,2300
18648,26439
18650,319
18651,9809
18653,9007
18654,19849
18656,2233
18657,25852
18659,9430
18663,8602
18666,27253
18669,11817
18674,3269
18675,8768
18676,38993
18678,27864
18679,875
18680,19711
18682,12276
18684,18767
18685,37520
18690,37078
18691,25705
18692,43400
18696,20751
18701,40881
18704,16685
18706,11495
18708,38790
18710,701
18711,993
18714,28180
18716,1810
18718,4241
18719,43497
18732,39632
18741,619
18745,13153
18748,22947
18751,21483
18752,21407
18753,23568
18755,21928
18759,19288
18761,27465
18762,11959
18764,28185
18765,39159
18766,15428
18767,42933
18768,14871
18773,12608
18774,20323
18775,37481
18776,42085
18777,30339
18778,32014
18779,29966
18780,739
18781,38478
18782,23254
18783,11726
18785,24686
18786,38170
18788,28344
18789,34554
18791,5133
18794,38448
18795,28444
18799,40915
18800,3665
18801,9289
18803,29306
18804,4082
18806,27850
18807,42694
18808,33466
18809,4441
18811,30420
18815,39238
18816,43875
18818,40854
18826,34906
18827,26079
18828,37025
18832,31196
18833,10812
18834,19749
18835,15335
18836,3458
18837,6755
18838,22306
18839,39342
18840,7949
18841,2444
18842,36567
18844,43448
18845,33818
18849,18889
18850,5892
18854,5936
18856,15128
18858,39501
18859,41611
18860,10129
18861,30037
18862,19444
18864,919
18865,21043
18868,15610
18870,22507
18871,34056
18872,33121
18876,14521
18880,8395
18881,7009
18883,14818
18884,7613
18886,27012
18888,39030
18889,4275
18890,4709
18891,43653
18892,4219
18894,9035
18896,7024
18897,4923
18899,15962
18904,21195
18905,43181
18907,8245
18908,7262
18909,28222
18913,21860
18916,38692
18919,15139
18920,8941
18921,39194
18923,39275
18926,17498
18927,43385
18928,39116
18929,37021
18932,10552
18933,575
18934,29213
18935,38174
18936,27416
18937,26241
18938,15660
18939,42885
18941,18427
18942,32952
18943,7679
18944,3214
18948,10787
18952,23967
18953,14568
18955,13212
18956,30119
18957,11695
18958,13565
18959,3012
18960,5036
18961,7991
18962,43417
18963,32822
18964,5343
18965,33305
18966,30486
18968,21802
18971,30123
18972,34305
18973,19789
18977,31830
18979,42446
18980,5044
18982,4776
18984,39315
18992,27352
18994,13897
18995,16211
18996,2976
18997,43499
18998,8500
18999,32261
19004,11375
19005,2307
19006,37108
19007,17793
19009,16645
19011,30973
19012,29229
19015,18101
19017,34065
19018,12592
19019,36173
19020,44071
19021,5408
19022,24707
19026,27308
19027,6136
19028,2668
19032,3792
19033,23844
19034,42732
19037,4369
19038,31784
19040,25394
19041,8232
19042,2381
19043,28771
19047,22132
19051,18332
19053,35370
19056,10939
19057,44531
19059,21759
19060,36746
19062,35101
19063,9922
19065,39447
19069,16323
19071,804
19072,42942
19073,41620
19076,35791
19077,10432
19080,28941
19081,33902
19082,24820
19083,40553
19087,26618
19093,9557
19095,23054
19096,35010
19099,13703
19102,31699
19104,10834
19106,4609
19108,24821
19112,25885
19114,28149
19116,20663
19117,37277
19118,37342
19122,10917
19123,21187
19124,28314
19125,6094
19126,25081
19127,31676
19130,3800
19131,33503
19134,5959
19135,40251
19137,42680
19138,13358
19140,14302
19141,6402
19142,28851
19143,43931
19144,11850
19145,25243
19146,3291
19149,4487
19154,43201
19156,29445
19159,19496
19162,10830
19164,11096
19165,19652
19166,30020
19167,40803
19168,7406
19169,33571
19171,3301
19173,5218
19174,38418
19176,28944
19177,20211
19179,37938
19181,41998
19182,28709
19183,11070
19184,33498
19185,15248
19186,33540
19187,32746
19189,27186
19190,27876
19193,33176
19194,44661
19196,5923
19197,41536
19198,17955
19201,35983
19203,15711
19205,26691
19206,7843
19207,28280
19208,34235
19210,27198
19211,4252
19212,27939
19213,41243
19214,35874
19215,36936
19216,22815
19217,9975
19218,37949
19219,6840
19220,18607
19222,38253
19224,17915
19225,9023
19226,33911
19229,27767
19230,6805
19231,18962
19232,11287
19233,44288
19234,34880
19235,33636
19236,28032
19237,24789
19240,34608
19241,35386
19244,10407
19245,22174
19248,23224
19249,2269
19250,7239
19253,4148
19257,25254
19258,9834
19259,33263
19260,1680
19261,17459
19263,29963
19264,26979
19268,29153
19271,27310
19272,11286
19273,15315
19274,40513
19275,2335
19276,35863
19277,28037
19278,28260
19279,31067
19281,29929
19283,21236
19284,35079
19285,2306
19286,25280
19287,15719
19288,33384
19289,31261
19290,7463
19291,3854
19292,4977
19293,38443
19294,43533
19295,29596
19296,3098
19297,4317
19298,21463
19299,18979
19300,41403
19302,42675
19303,40256
19305,3748
19306,4350
19307,5410
19308,33487
19310,43212
19311,43931
19312,29912
19313,36520
19315,28343
19317,1840
19318,6743
19319,33959
19320,32938
19324,42209
19326,28814
19327,40189
19328,17271
19329,24260
19335,5823
19336,12873
19337,40762
19339,32438
19340,31936
19341,9363
19343,27984
19344,26107
19347,14607
19349,3362
19350,22480
19351,14041
19352,35143
19353,18601
19354,3801
19355,42195
19357,6876
19358,13352
19359,41950
19360,29084
19361,28490
19362,40872
19363,8610
19364,31251
19365,22488
19367,10471
19369,12476
19370,40271
19372,43890
19373,32574
19375,4344
19376,19159
19377,39669
19380,10545
19382,7311
19384,29063
19386,43314
19391,43015
19395,116
19397,15671
19400,6126
19405,17838
19406,33429
19408,26608
19410,23173
19411,11908
19412,32628
19413,43989
19414,5286
19415,1372
19416,12340
19417,21111
19418,7269
19421,8631
19422,18046
19423,8311
19424,29150
19425,16557
19426,32008
19428,2731
19429,7108
19430,41842
19431,2885
19432,6885
19433,2807
19434,3916
19435,41950
19436,2331
19437,6582
19438,44617
19439,23070
19441,15816
19443,18753
19444,35611
19446,19574
19448,43416
19449,7529
19450,31308
19451,26595
19453,16737
19454,19825
19458,11182
19459,20738
19461,15955
19462,33533
19465,32792
19467,43314
19468,398
19472,1648
19473,32996
19474,6097
19475,4909
19478,11885
19479,27022
19481,37493
19482,20279
19484,20304
19485,41656
19487,20105
19488,32363
19489,4918
19490,30938
19491,42538
19493,20803
19496,30589
19499,26985
19501,21513
19502,44156
19504,33153
19506,14997
19510,5149
19518,13623
19520,36327
19521,10623
19522,38039
19524,16274
19526,44412
19527,15978
19530,12841
19533,37938
19535,2800
19536,15278
19537,10017
19538,29958
19544,33756
19545,31545
19546,40245
19548,6495
19549,25428
19550,31391
19551,32992
19554,35055
19556,3016
19558,8286
19559,7592
19560,22867
19562,13561
19564,35320
19566,11273
19569,14274
19571,43256
19572,15128
19574,17984
19575,34446
19576,7811
19581,7349
19583,23100
19584,12875
19585,25127
19586,16085
19587,1757
19589,837
19590,3352
19592,22211
19594,26453
19599,38612
19601,23232
19604,31933
19608,42980
19609,13604
19614,13900
19615,16477
19616,18092
19619,3613
19620,30568
19622,23794
19624,17326
19626,6226
19627,36030
19630,1780
19631,26546
19633,41026
19634,9779
19635,35866
19636,19789
19638,13710
19644,20360
19645,14005
19652,32065
19657,25596
19659,37560
19661,3733
19662,35271
19664,16906
19665,33689
19670,1795
19672,38553
19673,38045
19676,18614
19677,44513
19678,44603
19679,13241
19682,42303
19683,2533
19684,12471
19686,37110
19687,37673
19689,5675
19692,29767
19693,4117
19696,2675
19699,33962
19700,26691
19703,38461
19706,25547
19708,20032
19709,13239
19711,6924
19712,15985
19713,13878
19714,34715
19715,8789
19716,42628
19718,26597
19719,17355
19721,26578
19722,32808
19723,32957
19724,11145
19725,10713
19726,4932
19727,8539
19728,22371
19729,37984
19730,36711
19731,34440
19732,43712
19733,31430
19734,25497
19735,14304
19736,22605
19737,14246
19738,28988
19741,42948
19742,41031
19743,10394
19745,6
19746,12932
19748,22726
19749,2078
19750,2298
19751,12217
19753,19825
19754,43267
19756,6286
19757,41887
19758,32410
19759,40700
19760,28609
19761,6468
19762,23333
19764,35361
19765,20323
19767,22540
19769,44742
19770,15288
19771,12165
19772,6876
19773,35850
19775,43391
19777,13715
19778,12672
19779,40257
19780,14217
19781,28716
19786,29431
19787,38892
19789,41481
19790,9516
19791,8528
19794,32078
19796,4268
19797,1379
19799,14240
19800,34564
19803,33793
19804,23556
19805,28995
19807,32857
19809,5927
19810,18604
19811,7552
19812,41337
19814,30960
19815,22854
19816,5722
19817,25905
19818,1855
19820,40724
19821,25714
19824,24289
19825,37346
19826,27141
19828,37344
19830,5410
19831,27369
19833,43150
19834,7980
19835,37420
19836,44315
19838,41911
19842,25154
19843,8886
19844,4628
19845,34626
19846,36527
19847,40731
19848,27616
19849,42543
19853,37142
19854,44469
19855,15132
19859,38194
19860,14521
19861,36879
19864,7616
19865,36930
19866,43989
19868,24016
19869,8775
19870,11871
19872,32155
19876,28035
19880,16115
19882,42803
19883,34916
19885,28844
19886,33734
19887,5392
19888,2417
19889,7045
19890,14436
19892,2446
19893,12561
19894,34169
19895,30998
19897,25391
19898,19216
19899,1182
19900,40268
19901,8327
19902,24839
19903,28746
19904,12560
19905,23422
19907,13047
19908,14182
19911,18026
19912,1394
19913,29514
19914,22140
19917,12681
19918,20099
19921,41452
19922,35921
19923,17158
19924,34641
19926,21257
19927,24932
19928,35633
19929,27413
19931,39203
19935,9433
19936,30514
19937,313
19938,9793
19939,22021
19940,25160
19942,5158
19943,3652
19945,24739
19947,28521
19948,23953
19949,13238
19950,6577
19951,7552
19952,23955
19954,256
19955,21048
19956,37331
19957,39756
19958,3136
19959,22509
19960,25237
19961,37483
19962,15998
19964,42294
19967,24627
19968,36314
19970,4435
19971,34509
19972,25218
19973,42610
19975,1821
19976,18618
19977,34485
19980,4306
19981,32880
19983,30705
19985,8980
19987,3048
19988,41620
19989,25696
19990,11706
19991,36671
19993,37628
19994,22958
19996,42732
19997,1250
19998,9183
19999,4292
20000,32915
20002,39182
20004,5191
20007,10456
20008,38515
20009,37319
20010,32713
20011,25238
20012,41790
20013,16380
20014,18410
20015,25777
20016,22186
20017,16481
20018,33771
20019,11313
20020,41386
20021,1041
20022,21722
20023,7629
20025,43653
20026,13295
20028,14229
20029,41292
20030,6897
20031,837
20032,15354
20033,7347
20035,10616
20036,31497
20039,25029
20040,28121
20042,18383
20051,17606
20052,17512
20054,21750
20055,33719
20056,28374
20058,8270
20059,26290
20060,28962
20067,42255
20069,5845
20070,4498
20072,20129
20075,43582
20076,36756
20077,11972
20078,11604
20080,44013
20082,9684
20086,12541
20088,40140
20089,18075
20090,31970
20092,13700
20093,18934
20094,39182
20096,2495
20097,14211
20098,24969
20099,539
20100,27969
20101,19461
20102,34806
20103,2253
20105,39941
20107,19125
20108,1969
20109,19364
20110,10332
20112,9593
20113,17916
20114,41771
20115,18454
20116,23713
20117,1036
20118,21973
20120,16250
20123,31553
20125,19524
20129,36626
20131,22405
20132,37382
20134,31814
20136,18872
20137,31200
20139,35523
20140,5881
20141,43519
20143,16126
20144,2618
20149,17247
20150,6488
20153,36652
20154,1293
20156,1335
20158,29566
20161,21444
20162,4942
20163,11790
20164,42684
20167,31252
20168,19073
20170,6289
20171,35122
20173,7563
20177,18494
20178,36284
20180,26090
20181,16175
20182,33196
20184,31881
20185,13977
20187,6923
20188,15116
20193,5305
20196,35320
20204,35162
20206,20302
20207,4765
20208,28122
20209,6464
20210,25385
20211,43448
20212,20378
20214,32526
20215,7709
20218,18933
20219,9275
20223,33192
20224,17777
20225,29142
20226,32918
20227,7843
20228,37057
20229,25958
20230,29919
20231,38009
20232,1194
20234,36974
20235,34613
20236,40665
20237,34873
20238,2331
20239,40453
20243,8221
20246,34828
20248,24308
20250,35842
20251,4302
20253,40434
20254,10155
20255,43179
20258,1729
20259,28907
20262,32430
20268,21204
20271,40875
20272,15124
20273,34479
20274,33722
20275,14843
20276,23645
20277,41023
20279,35497
20281,15441
20282,42296
20285,24626
20286,869
20287,42259
20291,15338
20293,34867
20294,14045
20295,6638
20296,6292
20297,33064
20300,25508
20302,12440
20304,534
20308,10877
20309,4584
20312,447
20318,6102
20319,41357
20320,32066
20322,39927
20323,14671
20325,1978
20326,7270
20327,10509
20328,41103
20330,23851
20331,22198
20332,8518
20336,44546
20337,39622
20339,29992
20340,23488
20343,21885
20344,23370
20345,34752
20346,39566
20347,1651
20349,33710
20350,17795
20352,7361
20353,23786
20354,42385
20356,3165
20357,4789
20359,9054
20360,4946
20364,29020
20368,37498
20369,25292
20370,665
20378,14144
20383,34066
20385,2946
20386,20129
20389,22416
20392,8641
20393,9535
20394,43347
20396,27688
20397,28606
20399,2007
20401,27182
20403,22303
20405,27254
20408,13649
20409,13315
20411,21130
20412,24733
20413,12529
20414,4479
20415,12316
20417,35793
20418,34520
20419,35802
20421,19665
20423,40014
20424,6686
20427,25900
20428,4855
20429,14060
20430,28265
20431,32454
20432,19834
20435,44727
20436,43498
20437,23664
20438,23295
20439,535
20440,19144
20442,3932
20447,33251
20449,26189
20450,4864
20451,37723
20452,26569
20453,41861
20455,15789
20457,20685
20459,24094
20460,41150
20461,18196
20462,380
20463,1195
20464,33324
20465,44681
20467,16909
20468,18638
20469,20336
20470,889
20472,5674
20473,37692
20474,44362
20475,28607
20476,10138
20477,1788
20478,762
20479,15059
20480,22647
20482,26421
20483,12458
20486,35233
20487,37828
20490,1952
20491,23538
20492,4674
20493,2426
20494,12767
20495,23168
20497,33167
20498,32941
20501,38483
20502,42697
20503,17251
20504,35270
20505,31716
20506,39879
20507,36368
20508,1268
20509,354
20510,41463
20512,24989
20515,7527
20517,35274
20518,31401
20521,40225
20522,42289
20523,33924
20524,19414
20525,27109
20526,22137
20527,6905
20530,30140
20531,4911
20532,37610
20535,3
20537,18248
20538,2696
20539,4674
20540,35109
20541,5253
20542,22608
20544,40142
20546,17362
20548,14896
20549,12724
20551,2015
20552,3112
20554,40684
20557,12911
20559,25803
20561,43011
20563,19767
20565,27714
20567,42334
20568,21454
20570,7991
20571,38205
20574,23240
20575,37665
20578,42612
20580,24084
20581,21148
20582,35604
20584,14771
20585,25980
20587,40156
20589,15005
20591,5774
20592,40953
20593,41234
20594,16371
20595,35020
20597,1129
20600,20386
20604,36098
20605,6432
20606,3611
20607,31736
20609,29750
20610,18394
20611,25753
20612,17920
20615,7401
20617,6539
20618,24547
20619,16780
20623,34609
20624,16774
20625,31950
20629,25791
20630,11926
20631,24803
20633,34807
20634,31150
20637,24513
20639,41984
20640,40733
20641,6653
20643,34298
20645,24551
20646,4174
20650,6501
20651,25143
20652,13633
20654,22408
20661,22040
20662,30743
20663,14378
20664,43515
20666,43055
20667,32652
20669,32556
20670,7837
20671,13268
20672,13878
20677,39216
20679,14887
20680,12806
20682,28468
20685,28096
20688,11048
20690,27032
20692,34101
20693,37457
20694,6199
20698,23459
20700,41555
20701,31772
20702,5040
20703,21625
20704,20901
20705,15696
20706,9543
20708,20711
20709,38006
20710,3558
20711,23054
20714,12333
20715,27106
20717,17203
20718,36463
20721,32757
20723,36696
20725,31414
20727,15986
20728,32848
20731,14361
20732,18122
20733,19240
20734,11024
20738,7514
20739,35762
20740,35206
20741,33576
20743,31068
20744,13079
20746,5197
20748,40021
20749,32193
20751,9882
20752,17813
20754,21293
20755,2939
20758,43990
20760,27521
20761,32493
20762,25933
20763,2116
20764,11836
20765,10656
20769,41920
20771,4201
20772,20591
20774,26408
20775,15703
20778,31717
20779,29043
20780,39989
20781,11387
20783,35421
20784,7665
20785,27579
20786,30125
20787,37963
20788,27011
20789,31976
20790,15791
20792,31717
20795,33708
20796,6602
20798,33014
20799,37262
20800,31264
20803,32044
20805,21312
20807,32886
20809,8032
20810,637
20813,24537
20814,43699
20817,12555
20818,27357
20819,37283
20820,5359
20821,5115
20824,41227
20826,14627
20829,31592
20832,36622
20833,25081
20834,34683
20835,40888
20837,17984
20838,313
20839,21427
20841,1718
20842,14555
20844,17979
20845,17542
20846,26921
20848,5869
20850,1550
20852,35907
20853,28590
20854,17160
20857,12461
20861,1116
20863,4451
20865,25655
20867,3454
20870,19845
20875,14418
20879,5965
20880,5599
20881,19205
20883,33360
20884,39371
20885,43938
20887,21319
20891,44474
20893,37319
20899,43572
20901,37581
20904,24144
20905,29643
20907,19693
20911,31061
20912,29868
20914,27622
20916,12210
20919,33104
20922,16819
20923,17110
20924,26716
20925,41909
20926,43149
20928,35145
20930,44558
20933,33367
20935,29201
20938,6143
20942,12025
20943,39641
20948,39646
20950,2413
20955,44440
20957,17985
20958,42622
20961,19971
20962,1792
20969,36621
20970,39146
20972,18324
20973,22755
20974,41153
20975,23135
20976,10645
20977,7081
20978,28362
20979,29958
20980,4525
20981,10669
20985,14938
20987,41212
20988,13662
20989,2690
20991,10234
20992,16313
20993,27592
20994,23874
20995,977
20997,20551
20998,40655
20999,6727
21000,112
21002,1001
21003,8069
21005,12347
21007,41841
21009,15475
21010,32134
21012,19083
21015,12193
21020,14715
21021,31319
21022,31758
21023,5038
21024,7622
21028,4154
21029,12484
21030,39407
21031,44147
21034,29964
21035,22882
21038,21117
21040,5870
21041,1576
21042,15046
21043,17320
21044,9820
21045,40776
21046,23010
21048,42529
21049,1528
21050,2834
21052,31658
21054,22486
21055,32549
21056,41004
21057,19287
21058,24485
21059,16688
21061,15964
21063,3206
21064,37377
21066,6945
21068,2279
21072,18235
21073,11995
21074,35414
21076,44629
21077,5941
21078,21074
21080,21928
21081,26600
21083,157
21085,17406
21091,16657
21092,40382
21094,5376
21096,36222
21097,26876
21098,41338
21099,25655
21100,13885
21102,39241
21105,29649
21106,29953
21107,8942
21108,42290
21110,6248
21111,7951
21113,26900
21114,8185
21116,36566
21117,35009
21118,41383
21119,15699
21120,16025
21121,3319
21122,42374
21123,5657
21124,19715
21125,23864
21126,38240
21128,6297
21130,41721
21131,19849
21132,4417
21133,23315
21135,30869
21136,37624
21137,18127
21139,43670
21140,32071
21141,909
21142,7918
21143,31597
21145,29811
21146,44056
21148,27832
21152,33056
21154,28653
21155,25154
21159,23468
21160,36469
21167,14673
21168,28287
21169,15480
21173,44356
21175,1555
21177,31538
21178,2119
21179,36368
21180,23771
21181,3189
21182,18849
21183,37732
21184,29684
21186,30025
21187,5061
21188,39326
21189,11327
21190,3817
21191,22861
21192,35654
21193,33827
21194,31330
21195,32916
21196,503
21197,29833
21199,36761
21202,39472
21204,37669
21208,7829
21209,17581
21210,34137
21211,22581
21212,20670
21215,6309
21217,19496
21219,16466
21221,40621
21222,1175
21224,19263
21225,2119
21233,25780
21234,30663
21235,27476
21236,27602
21237,26480
21239,6480
21241,21894
21242,37410
21244,39812
21245,41907
21246,16267
21248,7781
21249,44009
21251,37960
21252,34556
21253,37695
21255,16552
21256,4961
21257,36338
21259,31618
21263,19750
21264,42836
21265,38564
21266,5644
21267,38620
21268,10850
21269,29132
21270,7281
21273,43831
21276,44675
21277,1125
21280,28131
21281,30935
21284,12584
21285,44641
21286,5262
21290,39501
21291,1561
21293,16185
21294,44325
21295,21152
21296,27508
21297,40731
21298,4515
21299,12667
21301,38293
21302,39546
21303,24818
21304,1814
21305,31292
21306,27280
21307,24737
21309,24826
21310,8885
21311,19608
21312,30823
21313,2904
21314,24754
21315,39924
21316,22826
21317,18980
21318,23579
21319,26626
21320,10995
21321,2182
21323,25615
21325,4611
21326,36359
21328,35536
21330,1882
21332,21184
21337,41106
21340,7803
21341,40338
21342,26254
21344,13099
21345,29701
21346,14075
21347,28237
21348,23672
21349,8481
21359,53
21361,43460
21362,32168
21365,21562
21366,41209
21367,11964
21368,36608
21369,3268
21370,31747
21371,5768
21374,28771
21375,9689
21376,27087
21377,4816
21380,8448
21381,10627
21382,24062
21385,41088
21387,38794
21388,32584
21389,5334
21393,13434
21396,43968
21397,26826
21399,11562
21400,3590
21401,42100
21403,27031
21404,20167
21405,6595
21406,3074
21407,17238
21408,14575
21409,15990
21410,30506
21414,2287
21416,40179
21417,31809
21418,28344
21419,18371
21421,2878
21422,15751
21424,17663
21426,42946
21427,3639
21428,10590
21429,44129
21430,17404
21432,26493
21433,1196
21434,39659
21435,34473
21436,30276
21437,12982
21438,35758
21444,38439
21445,9846
21446,41078
21447,6170
21449,25221
21451,8292
21454,30321
21457,32093
21458,25029
21461,23908
21463,12095
21464,8212
21465,32757
21467,43196
21469,36684
21471,2496
21472,43669
21473,17979
21475,29337
21477,34670
21478,6939
21482,14560
21483,40197
21484,24252
21485,138
21486,41216
21487,27257
21488,21680
21489,17206
21490,24221
21491,31763
21494,42025
21495,10785
21497,30507
21498,8604
21499,32315
21502,38621
21503,35282
21507,40684
21508,1053
21510,42149
21511,39716
21512,14207
21513,14407
21515,9744
21516,33640
21517,29499
21518,40465
21519,32353
21520,5483
21521,41224
21523,6310
21530,4493
21531,283
21534,25735
21537,34753
21538,18065
21541,3899
21543,16933
21544,36238
21546,16127
21549,35157
21550,29845
21553,34113
21556,19430
21557,9657
21558,44258
21560,22977
21561,1151
21562,6346
21563,32403
21564,10479
21565,28406
21567,17594
21569,23615
21570,32144
21571,7172
21572,38982
21574,32575
21576,15722
21577,41365
21580,37278
21582,25385
21583,19562
21586,33640
21587,29697
21589,5740
21591,24251
21592,26718
21594,14673
21596,3474
21597,3492
21598,8688
21601,24165
21602,19060
21603,35083
21604,37181
21605,43748
21606,35776
21607,17286
21608,17503
21610,22107
21612,18935
21613,7181
21614,27548
21615,1697
21616,17470
21620,10736
21622,19384
21623,19754
21625,41943
21626,43500
21629,8232
21631,16283
21632,30001
21634,20055
21637,3724
21638,9466
21639,10590
21640,22114
21642,24393
21647,29143
21648,35650
21649,19384
21650,6097
21652,34104
21653,22537
21657,628
21659,22422
21660,24917
21661,21369
21663,25056
21664,36629
21666,27737
21669,18039
21674,39484
21677,21366
21679,16388
21680,17958
21682,4453
21683,12963
21684,43894
21685,23428
21686,36932
21687,12549
21689,27350
21691,3110
21692,17190
21694,20378
21696,38123
21697,20904
21698,37892
21701,22031
21703,13683
21704,22094
21707,40316
21708,19993
21710,17742
21712,2592
21717,6173
21722,31168
21723,19117
21724,19748
21725,11346
21730,42085
21731,29855
21737,7165
21738,31929
21739,8152
21740,20950
21741,9625
21743,29000
21744,39708
21746,27470
21747,36336
21748,3322
21749,22269
21750,6834
21751,37478
21752,18138
21753,41942
21754,4456
21757,17924
21758,5129
21759,18071
21760,21330
21761,31138
21762,18854
21763,32582
21765,10979
21766,15441
21767,22396
21768,37585
21769,5433
21770,8566
21771,3206
21773,13284
21774,8212
21775,21417
21776,35861
21780,42215
21781,21594
21782,43594
21784,3324
21786,32434
21787,27748
21788,23415
21789,21604
21790,14818
21792,34040
21793,33210
21794,37038
21795,8959
21796,1319
21802,7347
21806,24365
21807,1738
21809,29473
21810,11484
21814,16174
21824,31087
21828,24356
21833,34949
21835,14338
21837,36804
21838,19627
21840,31622
21842,1510
21843,33395
21845,15048
21848,15678
21849,22713
21850,32948
21851,26252
21852,21873
21854,7890
21856,3012
21857,14724
21859,43334
21860,25795
21861,5569
21862,15660
21863,14694
21864,10645
21866,16886
21869,24827
21871,43610
21872,34269
21873,33606
21879,12074
21881,998
21882,17714
21883,42106
21885,34550
21886,23685
21887,33074
21888,16670
21889,19462
21890,9042
21891,2750
21892,3031
21894,30537
21895,2481
21896,1876
21898,29900
21899,18956
21900,29548
21902,17755
21903,27812
21904,9207
21905,25486
21907,41562
21908,32997
21910,37079
21911,22473
21913,14991
21914,18306
21915,16279
21916,44377
21920,2389
21921,33237
21927,26638
21928,31551
21930,38230
21932,14874
21934,32403
21935,16443
21937,42824
21940,26250
21944,33243
21945,38198
21948,25717
21949,23000
21950,21864
21951,31204
21953,27899
21954,12399
21956,40266
21957,31191
21958,17722
21960,40040
21962,4416
21963,3205
21964,26594
21965,9767
21966,35843
21967,18371
21968,10606
21969,1016
21970,12425
21971,40006
21973,14779
21974,28823
21975,37716
21976,29108
21977,1161
21979,16376
21980,19908
21981,12831
21984,16070
21986,15019
21987,22353
21988,29922
21989,7600
21991,42625
21992,4094
21995,18073
21996,27634
21998,10163
21999,6956
22000,44528
22002,17755
22004,17029
22008,30961
22011,18304
22012,29230
22013,6727
22015,12688
22016,13897
22017,19122
22019,11931
22020,27908
22021,11830
22024,16957
22027,22702
22029,29614
22031,10989
22034,15894
22035,44529
22036,30958
22038,30954
22040,11203
22041,7867
22042,40531
22043,36930
22044,42669
22045,35144
22047,11370
22048,1085
22050,38759
22051,33609
22056,1443
22058,32445
22060,37222
22061,39563
22062,23878
22063,1844
22064,28743
22065,30654
22066,1487
22069,11735
22070,34734
22071,15990
22072,19375
22073,3458
22074,42062
22076,5027
22078,31174
22079,26417
22081,26418
22086,35375
22088,19725
22089,24044
22090,24949
22091,3384
22092,6194
22094,39777
22095,28705
22096,16161
22097,5904
22099,42062
22100,15204
22101,37129
22102,29306
22105,1236
22106,18789
22107,12354
22111,8064
22112,16380
22113,39609
22114,6344
22115,39453
22118,4993
22119,3349
22120,30142
22121,40841
22122,20153
22123,39273
22124,12894
22125,1477
22126,23631
22127,39428
22128,44315
22129,25866
22132,36328
22133,26501
22134,28480
22136,37022
22137,36359
22138,3381
22140,19377
22141,6902
22142,28736
22143,39391
22144,10874
22145,41232
22146,35775
22151,14741
22153,6724
22154,19634
22156,41894
22158,37089
22159,5679
22160,3343
22161,37271
22162,29517
22163,4927
22164,16456
22165,20521
22169,20295
22171,36911
22174,5063
22178,3359
22179,3185
22180,35418
22182,38283
22183,5675
22184,31339
22186,16549
22187,42950
22188,27607
22189,43035
22190,17344
22191,34509
22192,14325
22193,23594
22194,36606
22196,9005
22197,20885
22198,26253
22199,11170
22200,7230
22202,30124
22203,29027
22204,36634
22205,13250
22206,20439
22210,7298
22211,42421
22213,30213
22214,39640
22215,13006
22219,17276
22220,8362
22221,35824
22222,36922
22223,9847
22224,9293
22225,16805
22226,40047
22227,19987
22228,3693
22230,35305
22231,25758
22232,3588
22233,3079
22234,42937
22235,18748
22236,2188
22237,24381
22239,39640
22240,20368
22241,33725
22248,8043
22250,5191
22256,17131
22258,9646
22259,23117
22261,13341
22264,4688
22266,22256
22268,8594
22269,44584
22271,6006
22272,26626
22274,25331
22276,26579
22278,37212
22279,25000
22280,7095
22282,28360
22283,21429
22285,19355
22286,11017
22287,19124
22288,6551
22289,8989
22291,2167
22292,26848
22293,42290
22294,24946
22295,33513
22296,40895
22297,6397
22299,32415
22300,23750
22301,11011
22302,3574
22303,35275
22305,34029
22306,27606
22307,42523
22309,29844
22310,5927
22312,25309
22316,3938
22318,8200
22319,27588
22321,9943
22323,10872
22325,30123
22329,12635
22332,29887
22338,19183
22339,188
22340,34653
22341,11914
22342,23010
22343,22827
22344,17919
22345,27652
22346,28036
22347,22159
22348,7892
22349,19589
22350,29663
22351,6827
22352,2027
22353,36057
22354,21565
22355,25103
22356,2998
22357,33032
22358,38622
22359,31643
22361,4111
22362,9566
22363,2217
22364,17572
22365,26670
22366,501
22367,11681
22370,39533
22371,17777
22372,26134
22374,10910
22375,30971
22377,3933
22378,41357
22382,5219
22383,20700
22385,31383
22386,26289
22387,44240
22388,36412
22389,18566
22391,17125
22392,16892
22393,34564
22394,13840
22395,36100
22396,39614
22397,21561
22398,3019
22400,20981
22401,29339
22402,28240
22404,17542
22405,3838
22406,43875
22407,9848
22408,22642
22409,19530
22410,43062
22411,25116
22414,35390
22415,20607
22416,21605
22417,37866
22419,35093
22421,6708
22422,2771
22424,1475
22426,16162
22427,33621
22428,23677
22429,34987
22430,20634
22431,19205
22432,22789
22433,5590
22434,19538
22435,5927
22436,31012
22437,30042
22438,11327
22439,23736
22440,25711
22442,24991
22443,3642
22444,41188
22445,28550
22446,33825
22447,2053
22448,9222
22449,28614
22450,18858
22451,11995
22452,31663
22453,35382
22455,187
22456,26293
22459,22392
22461,41815
22462,1397
22465,9762
22467,39332
22468,20357
22469,1795
22471,33763
22473,25615
22474,1766
22475,12947
22477,29788
22479,18376
22480,23751
22483,525
22484,7380
22485,30606
22486,24785
22488,32985
22489,35768
22490,39128
22491,39647
22493,23421
22494,3337
22495,38341
22497,35468
22500,34053
22501,4392
22502,22204
22506,37552
22507,36420
22508,14261
22509,2473
22511,38589
22514,24106
22516,21393
22517,10736
22518,35091
22519,7629
22521,4061
22525,23560
22527,4009
22530,40698
22531,15679
22533,27320
22534,36664
22537,13204
22539,19908
22540,24297
22544,17884
22549,35150
22550,42726
22551,34779
22552,2233
22553,24698
22554,9846
22555,22834
22556,23137
22557,29459
22558,5436
22559,14227
22560,4160
22561,42010
22563,21451
22565,16380
22566,36781
22567,37116
22568,43989
22569,1917
22570,39953
22572,26933
22573,7848
22574,35431
22575,5953
22576,12137
22577,14059
22578,44613
22579,33914
22580,42472
22581,40164
22582,32761
22584,15380
22585,15010
22587,39517
22588,13578
22589,654
22590,31850
22591,6609
22592,33139
22594,26112
22596,20987
22597,6072
22598,27233
22599,13109
22600,5698
22601,24305
22603,29462
22605,25339
22606,20272
22608,1678
22609,23326
22610,25880
22611,19312
22612,44062
22613,7483
22615,20842
22616,20880
22617,24289
22619,23658
22622,28477
22623,28005
22624,16564
22625,36911
22629,29960
22630,8436
22631,3474
22632,29793
22633,4823
22637,21111
22639,39862
22640,20340
22641,32362
22642,42078
22646,24547
22647,18992
22648,4699
22649,17371
22650,1381
22651,24639
22653,26719
22654,157
22655,3247
22656,39288
22657,27257
22658,41553
22660,32091
22661,10535
22663,16876
22665,31370
22668,37281
22670,41441
22675,19950
22681,3775
22685,34414
22687,44497
22689,14311
22690,9874
22692,37318
22694,44521
22696,28293
22700,24773
22702,43676
22707,3030
22713,21807
22718,10734
22720,44210
22722,31342
22724,23865
22726,21485
22728,26847
22735,19292
22736,17904
22737,9922
22738,4236
22739,11538
22740,33333
22742,15671
22743,18818
22745,23648
22748,214
22750,39656
22754,5814
22755,25652
22759,1605
22764,13631
22765,24783
22769,2918
22770,11366
22771,18764
22773,30289
22776,30499
22777,40043
22779,179
22781,1702
22782,26800
22784,26718
22786,2335
22787,13664
22788,34190
22789,42329
22790,19624
22792,26592
22793,10524
22794,5634
22796,14245
22797,17899
22798,32742
22800,27119
22803,28046
22804,34120
22806,8757
22809,32118
22811,41447
22813,9582
22815,15133
22816,12157
22818,22222
22819,9704
22820,23191
22823,41591
22825,7273
22826,2300
22827,37689
22828,7447
22830,31416
22831,36551
22832,41357
22833,6316
22834,7817
22835,26604
22838,38571
22840,563
22841,306
22842,32126
22843,29045
22845,31190
22847,36605
22848,17308
22851,28875
22852,14508
22853,2314
22854,2008
22855,26003
22856,37972
22857,33024
22859,14557
22860,38878
22861,12677
22862,6898
22863,37544
22864,32841
22866,942
22867,25657
22869,4011
22872,15226
22873,39563
22874,21640
22875,33033
22876,31315
22879,26056
22880,44054
22881,36210
22882,18500
22883,43196
22884,38279
22885,25327
22886,25595
22887,12578
22888,25577
22889,19437
22890,14450
22892,4498
22895,40017
22897,40013
22900,32666
22903,9465
22905,17338
22907,40747
22911,28722
22912,25430
22913,18596
22915,9177
22916,17882
22917,7620
22919,10993
22920,40130
22921,10612
22922,12507
22923,43680
22925,16386
22928,2975
22929,2597
22931,2279
22933,39116
22934,40333
22935,10759
22936,1969
22938,16386
22939,5602
22940,43077
22942,12014
22943,34666
22944,26403
22945,21696
22946,12428
22947,11805
22948,14424
22950,1082
22951,32889
22952,34633
22955,15986
22957,32165
22958,18842
22959,10102
22960,27912
22961,5934
22962,15966
22963,32334
22964,27460
22965,17475
22966,11368
22967,13492
22968,27199
22970,18780
22971,43664
22972,514
22973,12565
22974,5954
22975,8843
22976,5859
22977,27083
22978,16557
22979,12125
22980,19836
22982,6137
22983,32882
22985,33841
22986,4697
22987,17091
22989,3590
22990,18617
22992,16675
22993,3862
22995,3945
22996,4859
22999,27767
23000,13559
23001,32946
23003,21571
23004,34151
23005,29007
23006,12659
23007,42288
23008,19616
23010,39154
23012,2879
23013,40146
23014,35802
23016,21464
23017,3970
23018,22357
23019,19921
23022,32240
23025,31632
23027,36376
23028,17182
23029,43617
23031,29727
23032,31822
23035,5360
23037,290
23039,23580
23040,34111
23042,32342
23045,6567
23048,15796
23051,12946
23054,19300
23056,21022
23057,40781
23058,5514
23061,3050
23062,5519
23064,23225
23065,3550
23066,21511
23067,2640
23070,41279
23071,10310
23073,34249
23074,42507
23075,18588
23076,21598
23077,35416
23078,32976
23079,26453
23082,5773
23083,8306
23084,28742
23085,10206
23086,4034
23088,11083
23089,18493
23091,43555
23094,38735
23095,3109
23097,13702
23098,34790
23099,2646
23100,6963
23101,15445
23102,26832
23103,19429
23107,21828
23109,22820
23112,39321
23114,18344
23117,21684
23118,44498
23119,1129
23120,11347
23122,29431
23124,29529
23125,3458
23126,33029
23129,14140
23130,14876
23132,27693
23133,19814
23135,31379
23136,3888
23137,15728
23140,4654
23144,26973
23145,25420
23149,37472
23152,44490
23153,1596
23155,6283
23156,34044
23164,5238
23166,31160
23168,15249
23171,19576
23173,43564
23174,24400
23176,31215
23177,1662
23178,24426
23179,22485
23182,43463
23183,298
23186,26228
23188,42855
23189,34724
23190,43315
23191,8753
23192,39009
23193,22624
23194,22306
23195,40725
23197,25499
23198,43132
23199,38348
23200,471
23201,43984
23202,19693
23203,13688
23204,14304
23207,16966
23208,7061
23209,36652
23210,24863
23211,3162
23212,21159
23214,30334
23215,19636
23217,9650
23218,13044
23219,10119
23220,11218
23221,14912
23223,37482
23224,10592
23225,34218
23226,44543
23227,8169
23228,5894
23229,19057
23230,43559
23232,11369
23233,600
23235,31204
23238,43940
23239,31421
23240,41197
23241,13872
23244,9087
23246,25615
23247,25063
23248,7153
23249,5476
23250,43822
23251,262
23254,32984
23255,25493
23257,16050
23258,15155
23259,3003
23261,36201
23264,4337
23266,33506
23269,19295
23272,8844
23274,22099
23276,16385
23278,3610
23280,25559
23282,19665
23284,29093
23285,38069
23287,24246
23291,31575
23293,4061
23294,30255
23295,44235
23297,2593
23298,38713
23299,24498
23303,10513
23304,40333
23306,36238
23307,21417
23308,29561
23309,5487
23310,25758
23311,30541
23314,38019
23315,21683
23316,38716
23317,44288
23319,6080
23320,34985
23322,26114
23324,36819
23325,7250
23326,18121
23327,41901
23329,40420
23332,29396
23333,582
23337,43451
23338,29140
23341,43992
23343,3812
23345,5877
23346,19168
23347,24213
23351,1645
23352,22742
23353,23382
23357,13973
23358,22851
23359,41212
23360,8037
23361,41479
23362,15239
23363,14797
23365,2072
23366,6248
23369,13538
23370,20991
23372,4709
23373,23814
23379,41796
23380,25946
23382,15252
23383,6674
23384,10199
23385,19964
23386,4378
23387,7542
23389,5073
23391,4065
23393,16501
23394,33550
23397,28998
23400,42562
23402,44578
23403,18984
23404,33416
23405,31988
23406,19620
23407,40157
23413,3919
23415,15496
23421,28189
23422,8570
23428,29825
23429,4651
23431,41909
23432,19244
23435,40086
23436,845
23438,19369
23439,42502
23440,44254
23444,42765
23447,16712
23448,32723
23450,36218
23451,43337
23452,5740
23453,31582
23454,9503
23455,18484
23456,4677
23457,10426
23458,43486
23459,5466
23460,6824
23465,31417
23466,11911
23467,31772
23468,39909
23469,6960
23470,4122
23471,17284
23478,37624
23479,30708
23481,7625
23482,44295
23483,33218
23484,29346
23485,26889
23486,1969
23488,20539
23489,18321
23491,244
23493,35834
23494,24834
23495,36546
23496,17432
23497,20979
23499,7220
23500,5556
23501,1876
23504,15106
23505,24747
23506,15628
23507,17646
23508,43005
23509,42101
23510,18408
23511,11445
23512,3725
23513,21408
23514,40874
23516,293
23517,9107
23518,17392
23519,44374
23520,14840
23521,33617
23522,25041
23523,18378
23524,17353
23525,4337
23526,10346
23532,20282
23533,14494
23534,6233
23535,44255
23536,20480
23537,44524
23538,22144
23540,23458
23541,43621
23543,12794
23544,31406
23545,32423
23549,24098
23550,15032
23551,9472
23552,1754
23553,8817
23554,567
23556,24155
23557,34319
23558,31843
23559,31369
23560,34552
23561,21482
23562,34796
23563,32654
23564,40314
23565,19683
23566,28978
23567,39436
23568,29149
23570,28064
23571,27447
23572,38932
23573,6228
23574,19789
23575,12831
23576,34069
23577,31612
23578,18339
23579,11824
23580,41537
23581,27115
23582,33700
23583,1026
23584,44509
23585,1389
23586,25308
23587,27333
23588,26420
23589,35454
23590,18706
23591,39616
23592,44051
23593,25067
23594,44696
23595,15367
23596,13883
23598,3287
23599,19670
23600,20132
23601,3016
23603,2709
23604,23880
23605,7594
23608,25244
23610,14495
23613,6891
23614,11863
23615,11393
23617,21692
23622,23596
23623,37
23625,3005
23626,41357
23631,35281
23637,17263
23638,26415
23642,3391
23645,39947
23648,38498
23651,28532
23652,18483
23653,30402
23655,18272
23656,43180
23657,3565
23658,38252
23659,21485
23661,26199
23663,16668
23664,8144
23667,26511
23668,37710
23670,29038
23671,6295
23672,33642
23673,30344
23675,10770
23676,18908
23677,16471
23678,8729
23679,909
23680,1220
23682,40186
23683,8439
23685,22205
23686,5612
23687,25310
23688,5688
23689,35991
23690,12489
23692,13335
23695,23471
23696,12285
23697,7092
23702,42172
23704,32964
23706,173
23707,20738
23711,33478
23713,3294
23716,14078
23717,18210
23719,22291
23720,36303
23721,1488
23723,7159
23724,29364
23726,38745
23727,6745
23729,42105
23731,23663
23733,9614
23735,418
23736,24296
23737,23250
23738,40484
23739,11425
23742,22770
23750,30958
23751,24787
23753,18280
23756,29875
23758,40146
23759,29512
23760,26090
23761,3732
23763,7866
23770,25110
23771,126
23773,44049
23777,16261
23781,15114
23782,24369
23783,6943
23784,7622
23786,20786
23787,3598
23790,21577
23791,24245
23792,16787
23793,25575
23794,22088
23795,44141
23796,42152
23797,30946
23798,18519
23799,19436
23800,44464
23801,22205
23802,35614
23803,34285
23804,19065
23805,15534
23808,20805
23809,37038
23811,18755
23812,17956
23813,41110
23814,42260
23815,25703
23816,286
23817,32597
23818,18609
23819,42698
23820,603
23821,43794
23822,1227
23823,28083
23825,40007
23827,22354
23828,35674
23829,36725
23830,35533
23831,16267
23833,41239
23835,34474
23836,13790
23837,36721
23838,4833
23840,15144
23841,34576
23844,21905
23846,29670
23847,17705
23848,10971
23849,9413
23850,23512
23851,42446
23853,41310
23854,13583
23855,21537
23856,44348
23857,5893
23858,13264
23859,22239
23860,24231
23861,17490
23863,42242
23864,35468
23865,34246
23867,44727
23868,13138
23869,13645
23870,15803
23871,9649
23872,1181
23874,34308
23877,42867
23878,13656
23879,16388
23880,13067
23881,22946
23884,37699
23885,27253
23888,11893
23889,29632
23890,40086
23892,1904
23893,15763
23894,42506
23897,26277
23898,15370
23899,13434
23900,11770
23901,15493
23902,13574
23903,41217
23904,41833
23905,40962
23906,19458
23908,41929
23909,23199
23911,18068
23912,14595
23916,2220
23917,22459
23919,14708
23920,36173
23922,32220
23923,17181
23924,40543
23926,6097
23927,2328
23928,31953
23930,43699
23932,8306
23936,3916
23938,17273
23939,42205
23940,35555
23941,28036
23942,36841
23943,2188
23944,24790
23946,23074
23947,33642
23949,20805
23950,19741
23951,1192
23952,4125
23953,13649
23954,11056
23955,40577
23956,6450
23957,18968
23958,9159
23959,39633
23960,34916
23961,31434
23963,25865
23965,31368
23966,18642
23967,4194
23968,21995
23969,28316
23970,6481
23971,11830
23972,36817
23974,5907
23975,34505
23977,11845
23978,11697
23979,20327
23981,37836
23983,10485
23986,16413
23988,41155
23990,7688
23993,42631
23996,4163
23997,4855
24000,42816
24003,20187
24004,23345
24006,43498
24009,42053
24011,5378
24013,2398
24014,4991
24015,35255
24016,11116
24017,11189
24018,21940
24021,13679
24022,637
24023,34863
24024,20275
24025,37590
24026,20101
24027,27655
24028,31281
24029,42644
24030,24601
24031,28250
24032,20185
24033,22617
24036,17612
24038,26679
24040,27186
24042,23194
24044,23133
24046,27581
24047,26051
24050,9918
24051,27968
24053,1494
24054,39257
24055,33258
24057,7036
24058,1198
24061,19742
24062,16262
24064,11139
24065,5769
24068,20725
24069,5151
24070,34334
24071,16155
24072,7437
24073,6343
24074,8470
24075,13475
24076,38052
24077,13862
24078,43703
24079,39053
24080,9811
24081,43149
24082,19354
24084,13929
24085,4789
24088,27080
24092,38798
24094,36446
24096,6410
24097,41628
24098,21638
24099,9665
24101,38668
24104,21911
24105,22830
24106,20004
24109,13835
24111,5114
24113,23848
24114,36915
24115,26802
24118,41236
24119,42850
24120,26826
24121,28986
24123,28303
24126,2160
24128,31790
24129,41877
24133,7250
24136,38598
24137,28774
24139,44555
24140,23690
24142,17540
24144,4901
24147,41441
24148,14108
24149,1805
24150,20758
24151,1220
24152,1532
24153,26203
24154,1717
24155,5433
24156,23407
24157,19754
24158,6210
24159,1103
24162,24739
24164,16507
24165,35418
24167,24938
24168,41883
24169,29386
24172,8067
24174,24558
24177,3056
24179,24531
24182,36943
24183,26139
24184,38584
24187,3971
24188,34665
24190,43305
24191,14433
24192,17265
24193,10346
24195,33956
24196,28891
24197,13696
24198,23166
24200,19271
24201,23195
24202,34211
24203,43727
24204,28375
24205,27138
24206,28149
24207,35831
24208,33705
24209,41712
24211,44072
24213,40683
24215,23067
24216,33848
24217,29668
24219,12525
24220,8855
24221,38671
24222,916
24224,28874
24227,4615
24228,7811
24229,2004
24230,37481
24231,19756
24232,10978
24233,21445
24234,6905
24237,44198
24238,11471
24239,2624
24240,31380
24242,37938
24244,19224
24245,8602
24246,20538
24247,41783
24249,35808
24251,18786
24252,27984
24253,7721
24254,9996
24255,36639
24256,43524
24257,24202
24258,15022
24259,36178
24260,14500
24261,23325
24264,42102
24265,2628
24266,23101
24267,30218
24269,25552
24270,23657
24272,22557
24273,4990
24275,14793
24276,44702
24277,9309
24278,4524
24280,3640
24282,24428
24283,10883
24284,15123
24285,11062
24287,21723
24289,18166
24290,12782
24291,8507
24292,10482
24293,35126
24294,29756
24295,20884
24296,21007
24297,7628
24298,20210
24299,9975
24300,7261
24301,36535
24302,4054
24303,4692
24305,26818
24306,18372
24307,22345
24308,35880
24309,22056
24313,15386
24314,23496
24315,28921
24317,3322
24318,40504
24320,3687
24321,14082
24323,23004
24324,10852
24325,34928
24329,24280
24330,33712
24331,22594
24332,10224
24333,21315
24334,21277
24335,24889
24339,37824
24341,6684
24342,24749
24343,25065
24344,5751
24345,2712
24347,35693
24349,25724
24350,19713
24352,25126
24354,35391
24355,39392
24356,8072
24358,21236
24359,10591
24360,30861
24362,37804
24363,5745
24364,34312
24365,21270
24366,15097
24367,35530
24369,5989
24370,169
24372,37573
24373,44130
24374,20740
24375,657
24376,11594
24377,3723
24378,25482
24380,2972
24381,16685
24382,31904
24384,34951
24385,43342
24386,14487
24387,37762
24391,23587
24393,19260
24395,43520
24396,29695
24397,17496
24400,4405
24401,36843
24402,33896
24403,27128
24404,10923
24405,40554
24407,41115
24408,22184
24409,24255
24412,5195
24413,37854
24415,4363
24416,35601
24417,15797
24419,6822
24420,31072
24421,9507
24422,26116
24423,10404
24425,21497
24426,17393
24428,20025
24429,22128
24430,17205
24431,30047
24432,26997
24433,39777
24434,30458
24435,24280
24436,24879
24437,37386
24438,43068
24439,10737
24440,37696
24441,37244
24442,29575
24443,1579
24445,5060
24446,12227
24447,35699
24451,26982
24454,25987
24455,12515
24456,14339
24457,31698
24459,13351
24460,34698
24461,22428
24462,22445
24463,22539
24464,40290
24465,33249
24466,17681
24467,5784
24468,37720
24469,8736
24470,2257
24471,18678
24472,41170
24473,41759
24474,26877
24475,27913
24476,44703
24477,22726
24478,36641
24479,14884
24480,10293
24481,14868
24482,2104
24485,43688
24486,8339
24487,15395
24488,11128
24490,43804
24491,42123
24492,34731
24494,22804
24495,34148
24496,13098
24497,24789
24498,41487
24499,40272
24500,28771
24501,6016
24503,38384
24504,18953
24505,9036
24506,4999
24507,22726
24508,41768
24509,10582
24510,14023
24511,29041
24513,7721
24514,32532
24515,35711
24516,7267
24517,2558
24518,18610
24519,35241
24521,4900
24522,19633
24525,35464
24527,21780
24528,17924
24529,37279
24530,23514
24531,7263
24532,352
24533,41706
24534,17638
24535,13873
24537,41702
24539,30607
24540,21932
24543,34186
24544,44576
24546,30499
24547,35515
24548,2044
24549,7154
24550,17728
24551,25873
24552,19340
24554,31090
24555,44033
24556,31622
24558,7635
24559,43418
24563,28514
24564,35819
24566,17222
24567,44145
24568,515
24569,38001
24572,12409
24574,22534
24575,22088
24576,24849
24577,18535
24578,5180
24579,30744
24581,41997
24582,14464
24583,5762
24585,36369
24588,19351
24590,40382
24591,7377
24592,30627
24593,7676
24597,20162
24599,13211
24600,31462
24601,9614
24602,651
24604,44170
24605,3230
24606,22112
24607,10580
24608,31957
24609,32530
24610,20238
24611,22787
24613,36468
24614,17125
24615,15102
24616,36328
24617,22050
24619,12340
24621,8043
24622,44696
24623,41248
24624,22367
24625,33042
24626,24412
24627,21833
24628,8341
24629,1595
24630,27303
24631,44494
24632,27254
24633,14724
24634,17073
24635,41492
24637,18057
24638,24837
24639,16162
24640,39457
24642,18610
24643,43691
24645,31713
24648,714
24650,9094
24652,22430
24653,36866
24654,7901
24655,31203
24656,11736
24658,24534
24659,33014
24660,39389
24661,1926
24662,30494
24663,29944
24664,11557
24666,29540
24667,37332
24669,12614
24670,28290
24671,24283
24672,18654
24673,41725
24677,29497
24678,42744
24679,9507
24680,22144
24681,11281
24683,42826
24684,2063
24685,8201
24686,36123
24687,13525
24689,24307
24691,21375
24692,2534
24693,29440
24695,42681
24696,3368
24697,2950
24698,43301
24699,30792
24700,23760
24701,11853
24702,5719
24704,11277
24706,25831
24707,18928
24709,12391
24710,31861
24712,22581
24713,3279
24715,4420
24716,27387
24717,20958
24718,18550
24719,35521
24721,35710
24723,31979
24724,20899
24725,38361
24726,4493
24730,25891
24731,23065
24732,39726
24733,8132
24735,28303
24737,6267
24739,14766
24740,32292
24741,7966
24742,32350
24743,41915
24744,13063
24745,1128
24746,8221
24747,20369
24749,11908
24750,17629
24752,23869
24753,27008
24754,19343
24755,28070
24756,7087
24765,41710
24766,3095
24767,453
24768,39932
24769,2965
24770,38064
24771,13985
24772,20548
24773,27116
24774,22225
24775,5327
24776,35150
24777,44081
24778,14163
24780,43597
24782,40050
24783,3960
24784,14457
24785,43355
24786,31938
24787,14844
24789,6774
24790,28955
24792,16482
24793,17429
24794,1797
24796,25035
24798,37228
24799,24919
24801,13815
24802,41284
24803,32958
24804,34128
24809,15232
24810,6644
24811,36705
24812,32461
24814,34765
24815,41241
24816,43458
24817,23382
24818,31687
24819,43801
24820,13600
24821,23338
24822,25003
24823,33285
24824,3693
24825,30883
24826,3845
24827,27893
24828,19216
24831,13012
24834,13260
24836,11780
24837,40771
24839,17752
24840,37832
24841,11603
24842,24950
24843,24525
24845,18394
24846,6401
24849,6041
24852,14844
24853,38252
24854,29167
24855,18789
24857,14516
24858,16986
24860,40326
24863,5989
24866,1574
24869,22884
24872,19186
24874,12864
24876,9453
24877,43855
24878,12557
24879,13830
24880,33886
24882,38348
24885,17031
24886,21790
24888,7975
24889,29318
24891,9930
24894,39710
24895,14809
24896,35560
24897,42361
24900,25962
24901,8541
24902,1525
24903,34625
24904,31747
24906,40021
24909,13445
24910,11139
24911,4528
24912,29629
24914,20392
24915,24619
24916,19620
24917,24704
24918,4005
24919,3072
24920,29880
24921,36518
24922,41419
24923,25300
24924,6884
24925,22394
24926,17813
24928,33854
24929,3590
24930,24911
24931,31251
24932,13153
24934,42193
24935,21048
24936,10432
24938,8491
24940,35582
24941,20022
24942,24133
24943,18573
24944,26082
24946,33637
24948,40013
24949,20787
24950,41653
24951,38748
24952,18594
24953,38999
24954,30278
24955,34322
24958,20611
24959,31947
24960,4356
24961,24579
24963,3965
24965,13313
24967,20386
24968,25210
24969,18499
24970,22480
24971,5228
24973,33735
24975,35807
24976,2539
24977,11811
24980,31733
24981,33592
24982,13949
24983,22129
24984,10714
24985,11431
24986,43663
24988,7152
24989,42102
24991,19217
24992,43261
24994,26423
24995,39943
24997,13665
24998,19732
24999,21024
25000,35270
25001,21146
25002,30842
25003,22826
25004,14247
25006,43855
25008,41197
25009,19210
25010,8033
25011,16940
25012,22295
25014,36238
25015,12819
25016,9496
25018,42859
25025,15826
25029,5053
25030,38453
25031,8256
25032,30695
25033,25239
25034,609
25035,28109
25036,35924
25037,24003
25038,31513
25039,6075
25040,20813
25041,37578
25042,14539
25043,1019
25045,6330
25047,7297
25048,14252
25050,17626
25051,6425
25052,15244
25053,29627
25054,26596
25056,8953
25057,32729
25059,28364
25061,6276
25063,2442
25064,23794
25065,22306
25066,8191
25067,21776
25068,1629
25069,10404
25070,16674
25071,5998
25073,556
25074,11349
25075,40825
25076,22500
25077,39436
25078,27609
25081,32032
25083,22405
25090,37648
25091,22771
25094,31213
25095,4661
25099,18474
25101,12589
25102,28934
25103,11314
25105,43893
25107,30728
25108,20796
25110,18162
25111,14628
25113,37179
25115,26495
25116,4410
25118,28444
25120,15836
25121,11583
25122,10291
25124,32701
25126,37272
25127,3110
25128,4209
25129,4337
25131,26047
25133,12550
25134,12471
25136,1047
25137,3396
25138,2898
25139,32341
25141,32017
25142,21277
25143,28206
25145,4604
25146,31646
25147,26815
25149,24471
25150,20639
25151,11123
25152,730
25154,13083
25155,21928
25156,24765
25157,23831
25158,997
25160,16256
25163,5243
25166,1008
25171,13715
25172,12515
25174,21597
25178,29367
25180,4658
25182,43366
25183,29723
25184,9534
25185,6069
25186,18284
25189,8550
25190,22203
25191,33250
25192,14033
25193,2806
25194,6941
25195,28518
25197,43995
25198,24423
25199,18065
25201,39452
25202,3022
25203,12516
25204,20654
25205,11698
25206,17481
25207,40168
25208,40879
25209,2697
25210,22566
25211,35868
25212,28153
25213,38456
25214,8521
25215,6833
25216,28340
25218,12948
25219,5370
25220,19279
25221,43678
25222,13045
25223,4310
25224,1694
25226,20899
25227,21010
25228,13239
25230,18552
25233,1231
25234,21173
25236,36832
25237,17208
25238,35146
25239,34331
25240,30596
25241,1220
25242,37776
25243,2997
25244,34514
25245,31136
25247,37078
25250,18268
25251,28939
25252,38418
25254,39988
25257,3876
25258,19424
25260,37774
25261,43580
25262,13080
25263,8504
25264,40370
25267,12354
25268,30710
25269,12102
25270,32822
25271,39499
25272,8451
25275,14022
25277,43417
25278,5715
25280,23521
25286,33285
25287,22501
25288,16971
25290,24855
25291,39751
25292,6457
25293,774
25294,19343
25296,33203
25297,40472
25298,29533
25299,19211
25300,38411
25301,4561
25302,13171
25303,6128
25304,25965
25305,23585
25306,37395
25307,12401
25308,2323
25309,609
25310,31618
25311,28897
25312,18355
25313,31881
25314,29857
25315,20234
25316,29454
25317,23696
25318,10351
25320,18367
25322,16209
25323,35089
25324,19414
25325,8621
25327,39410
25328,32906
25330,11323
25331,36101
25332,33594
25333,39673
25335,31350
25336,19257
25337,26902
25338,22500
25339,11914
25340,14382
25341,23561
25342,10134
25343,17931
25344,12694
25346,22312
25348,24142
25349,23888
25359,21246
25361,37069
25363,24114
25364,30707
25368,6989
25373,25468
25377,11534
25378,23590
25381,7320
25383,35742
25384,18412
25385,9588
25388,42860
25391,25305
25394,13831
25395,530
25400,9719
25401,25303
25402,30300
25409,15831
25414,4469
25416,40542
25420,38568
25421,31346
25422,28122
25423,8534
25428,5892
25430,1257
25435,29578
25436,33055
25437,5334
25438,19773
25440,31884
25442,25552
25443,8979
25445,5010
25447,23140
25450,40076
25451,35894
25454,44604
25456,12880
25457,27850
25458,8911
25461,19004
25462,20162
25463,36678
25464,43139
25465,20021
25466,11201
25467,9287
25468,7495
25469,33909
25470,29459
25471,16162
25472,19138
25473,17353
25474,18996
25475,13329
25476,11538
25477,33124
25478,14339
25481,33630
25482,23352
25483,41800
25484,22027
25485,18063
25486,7094
25487,2554
25488,41069
25489,43688
25491,21297
25492,29121
25493,19692
25494,40199
25495,8512
25496,5972
25497,38191
25498,31437
25499,26289
25500,18471
25501,1644
25502,4651
25503,19964
25504,19686
25505,43644
25507,31768
25508,36489
25510,11287
25511,42439
25512,26758
25514,37283
25515,31894
25516,44170
25519,101
25520,23568
25521,37925
25522,4413
25524,20058
25526,27980
25533,13163
25535,1878
25537,39857
25539,34799
25540,16050
25542,35850
25543,36764
25546,28192
25547,26446
25548,27198
25549,18031
25550,6968
25551,18333
25552,21724
25553,6456
25554,3374
25556,17836
25557,6288
25558,27483
25559,28412
25560,42297
25561,22615
25563,24467
25569,29201
25570,26696
25572,3925
25575,4567
25577,37220
25579,32857
25580,29147
25582,11840
25583,3779
25584,36469
25585,8045
25586,22946
25587,6330
25588,2907
25595,12207
25596,196
25599,44367
25601,19922
25602,41055
25603,40155
25606,1684
25608,22544
25609,28393
25610,16507
25613,9583
25614,644
25615,3133
25616,31996
25618,30062
25620,5644
25623,43475
25624,38903
25626,6884
25627,24860
25629,44126
25630,33192
25631,32978
25632,17317
25634,12929
25635,19584
25638,23227
25640,32859
25644,42502
25645,20100
25649,9630
25650,33620
25651,15235
25652,18407
25655,21489
25657,36634
25659,2308
25660,38158
25662,5405
25667,1399
25669,23518
25670,1365
25671,20700
25672,23098
25673,20154
25677,41023
25679,35497
25681,14037
25682,28368
25683,34152
25684,29634
25686,2916
25687,22309
25688,37092
25690,20482
25692,36898
25694,1259
25695,4745
25696,14258
25698,25524
25699,44416
25700,22477
25701,29336
25702,9439
25703,18495
25704,15441
25705,9072
25707,36495
25708,20394
25709,6989
25710,27755
25711,16940
25713,28446
25714,11824
25716,982
25717,25337
25718,40012
25719,41463
25720,18588
25721,19257
25722,35431
25723,4764
25724,40257
25726,17939
25727,24889
25729,6406
25730,36294
25731,31862
25732,11240
25734,36467
25735,30294
25738,25118
25739,23366
25740,22781
25741,32476
25742,28353
25743,41505
25744,19040
25745,35598
25746,42090
25747,9690
25748,19845
25749,1220
25750,13462
25751,10821
25752,19450
25753,16828
25754,36522
25756,13957
25758,26704
25759,4662
25760,13691
25761,41807
25762,35240
25763,22210
25765,35645
25766,30269
25767,1685
25768,44159
25770,25963
25771,21856
25772,2282
25773,4065
25774,26293
25775,4380
25776,21748
25777,10690
25778,878
25779,17143
25780,10368
25782,32484
25783,23122
25784,16373
25785,37742
25787,37526
25791,15489
25792,9880
25793,31078
25795,5915
25796,42673
25797,21043
25799,32582
25800,43058
25801,840
25802,504
25803,24846
25805,37630
25807,15589
25808,27012
25809,12954
25811,16161
25813,35829
25815,28371
25816,15156
25824,5934
25826,8779
25827,16747
25828,36924
25829,42753
25830,31600
25831,2575
25832,3591
25833,36248
25834,22406
25835,38737
25836,12902
25838,25761
25839,20522
25840,8861
25842,21249
25844,29395
25849,28996
25850,35410
25852,31732
25855,39288
25857,32575
25858,37434
25859,37413
25860,39314
25863,15073
25864,16672
25865,29472
25866,17954
25867,30842
25869,3831
25871,35619
25872,33389
25873,42743
25875,5688
25877,11615
25878,17077
25879,10825
25880,19797
25881,11128
25882,12978
25883,31930
25884,28089
25885,21845
25886,7943
25887,44065
25888,39528
25891,12355
25892,13828
25896,31606
25900,37567
25902,14415
25903,4547
25904,16444
25905,31451
25907,6660
25908,13668
25910,41971
25911,36476
25912,38055
25914,33763
25915,42047
25917,1404
25919,22078
25920,6812
25921,9826
25924,14884
25927,9015
25929,6245
25930,16564
25931,42056
25932,23051
25933,18401
25934,28873
25935,9110
25936,21110
25940,24955
25941,32715
25942,17420
25943,22029
25944,4963
25945,29609
25946,25683
25947,16940
25949,33844
25950,32318
25951,36851
25952,13003
25955,32385
25958,42406
25961,14034
25962,23067
25963,41990
25964,36584
25965,37390
25967,29395
25969,27698
25971,6633
25977,40238
25978,36968
25980,31673
25983,17540
25985,20337
25986,14384
25987,29660
25988,10181
25989,14104
25990,41592
25991,10449
25993,9511
25994,43891
25995,34925
25999,8448
26000,20781
26001,4387
26002,4202
26003,43933
26004,15001
26007,30452
26008,1160
26009,25718
26010,43316
26011,14512
26012,10413
26013,21096
26014,3565
26016,3598
26017,15782
26018,12212
26019,11242
26022,29824
26023,19215
26024,36092
26025,18596
26027,9919
26028,15993
26029,39248
26030,23930
26031,24314
26032,24302
26035,8725
26036,20473
26037,21845
26039,25787
26040,30016
26042,25903
26043,3015
26047,44508
26049,35613
26050,21193
26051,36468
26052,23029
26053,39053
26054,35505
26056,27530
26058,5913
26059,21141
26060,42112
26061,33377
26062,13399
26063,18519
26064,37619
26065,4252
26066,23220
26071,3324
26072,2675
26073,4712
26075,27580
26076,12798
26077,26893
26078,13045
26079,24889
26080,11291
26082,18799
26084,38939
26086,10571
26087,30937
26088,31830
26090,945
26091,9854
26093,475
26095,29059
26096,24013
26097,3588
26098,2081
26099,15651
26100,7764
26102,2888
26103,20629
26105,13677
26107,24817
26108,31482
26109,4532
26110,29009
26111,13875
26112,1352
26113,27253
26114,29672
26116,6848
26117,8339
26118,7457
26119,36376
26120,12035
26121,17189
26128,21661
26131,15843
26134,19679
26139,21408
26141,19622
26145,15952
26146,31802
26148,24396
26150,38445
26152,11167
26159,19376
26163,14688
26164,33013
26168,39067
26170,42838
26172,14262
26175,22843
26180,26231
26181,32294
26187,828
26189,5728
26190,19700
26196,26365
26197,7861
26199,30937
26200,15946
26201,4848
26203,6678
26204,15056
26207,3876
26210,242
26211,17763
26212,26805
26213,18302
26215,35263
26216,25002
26219,11920
26220,9642
26222,13288
26224,37807
26225,23276
26226,43650
26227,21743
26228,31081
26230,39634
26231,34827
26232,37319
26233,915
26234,1757
26235,24965
26236,22344
26240,8544
26241,20359
26242,42252
26243,24298
26244,6868
26245,30417
26246,35415
26248,633
26249,42394
26250,10706
26252,5576
26253,21980
26254,36466
26256,5174
26258,41817
26259,22531
26260,41408
26261,9430
26262,23525
26263,20178
26265,40484
26267,29133
26270,28371
26276,29846
26277,12841
26279,22029
26280,29758
26284,13264
26285,43890
26287,37110
26289,20789
26290,1701
26291,969
26293,2518
26297,31215
26298,26196
26301,20977
26302,6393
26306,20325
26308,18566
26312,1063
26313,25650
26314,19544
26317,40047
26318,7801
26319,29864
26320,16544
26321,10083
26322,35954
26324,7806
26326,19038
26327,7105
26329,13773
26331,12400
26332,27962
26333,28670
26336,44702
26337,21121
26338,2828
26341,30309
26343,13376
26344,32229
26355,14597
26356,21193
26357,22312
26359,26808
26361,4471
26362,38996
26363,31202
26364,6129
26365,43295
26369,38186
26371,14899
26379,24266
26386,28690
26395,24840
26396,40894
26398,8931
26399,31338
26401,7448
26402,14654
26403,38564
26406,24216
26407,673
26408,31904
26414,5444
26415,43538
26417,12868
26418,1186
26420,36792
26421,10546
26423,23667
26426,10102
26432,11961
26434,32215
26435,44351
26436,26845
26438,32723
26439,3632
26440,2046
26441,2840
26444,4738
26445,37135
26446,37555
26447,23075
26450,26732
26451,35639
26452,23012
26453,29001
26455,8520
26460,7988
26462,35660
26464,14398
26466,32276
26468,632
26469,44319
26470,16605
26471,22447
26472,38069
26473,34873
26474,42140
26480,39223
26481,27203
26482,24205
26483,21614
26484,8925
26485,1128
26487,41151
26492,42937
26493,33551
26495,44744
26498,30930
26500,43488
26501,37362
26504,33139
26506,13475
26509,21421
26511,43885
26512,10336
26515,20421
26519,8144
26522,23122
26523,26681
26524,17426
26526,13318
26527,13010
26528,21612
26529,19548
26530,8383
26531,38423
26532,27706
26533,38837
26534,7898
26538,16721
26542,26682
26544,14321
26546,33388
26548,42780
26550,3612
26551,44141
26563,16962
26564,20259
26565,17862
26568,28247
26569,7162
26575,42133
26576,4441
26577,28205
26578,14425
26579,1705
26580,33914
26581,28286
26582,21046
26584,27864
26585,17286
26586,714
26588,36888
26589,20792
26590,44408
26591,31193
26592,32084
26593,13257
26594,39564
26595,7129
26596,5558
26597,24904
26598,41508
26600,42445
26601,41011
26602,12449
26604,35445
26607,3095
26608,22519
26610,26455
26611,18122
26613,3736
26615,20740
26616,14928
26617,11650
26618,40309
26619,43752
26620,23884
26621,4236
26622,7231
26624,40611
26626,17247
26627,17476
26628,7905
26629,19137
26636,29671
26638,18052
26640,38236
26643,43442
26645,41595
26646,29946
26647,19279
26648,39017
26649,15335
26654,28585
26655,10707
26656,42193
26657,29923
26658,42690
26659,5012
26661,2649
26662,4279
26664,31978
26666,32212
26667,1087
26668,18079
26669,41090
26670,6559
26671,8031
26672,5611
26674,32666
26675,6680
26676,18716
26678,31451
26679,17483
26680,5790
26681,6456
26682,9353
26683,12789
26684,4640
26685,14276
26686,38163
26687,32388
26688,9285
26691,40811
26692,32591
26693,43932
26694,36671
26695,37712
26696,38749
26697,33653
26699,14077
26700,132
26701,22895
26702,24632
26704,6608
26705,13161
26707,33885
26708,29596
26709,576
26710,11117
26711,34582
26712,33204
26713,6462
26714,6689
26715,35654
26716,36210
26717,8018
26718,18153
26719,21724
26722,35635
26723,25630
26724,19245
26725,24643
26726,25759
26727,25857
26728,26816
26729,18424
26730,701
26731,18206
26732,5617
26733,33104
26736,43478
26737,18444
26739,21708
26741,27876
26743,8761
26744,44479
26746,22940
26748,22312
26749,34372
26750,32534
26751,33853
26752,9735
26753,13461
26755,30983
26756,18907
26757,30907
26758,42921
26759,12390
26760,8327
26761,15041
26762,22339
26763,21765
26765,41163
26766,36221
26767,37962
26768,39112
26769,38119
26770,44621
26771,11894
26772,3664
26773,4157
26775,37246
26776,7193
26778,15613
26779,29239
26781,42715
26783,40142
26785,19458
26786,16450
26787,4491
26788,23717
26791,561
26792,28948
26793,22158
26794,24144
26795,43978
26796,6457
26797,39492
26798,23450
26799,27149
26800,41331
26802,18909
26803,21083
26804,37054
26805,28020
26808,44188
26809,9017
26812,39448
26814,22424
26815,32296
26816,26527
26817,25495
26818,20474
26819,43266
26820,22793
26821,43046
26825,32653
26826,40830
26832,39678
26836,41311
26838,7120
26839,44137
26840,40288
26841,41295
26842,4361
26843,35277
26845,27619
26846,26291
26847,5487
26848,42182
26849,444
26850,28033
26851,24659
26852,19975
26854,37450
26855,417
26856,26724
26857,24230
26858,40743
26859,35914
26860,31444
26861,36100
26862,30120
26863,40466
26864,20436
26865,22213
26866,28250
26867,43538
26868,24774
26869,39928
26871,14521
26872,13686
26873,746
26875,23975
26876,20732
26877,9867
26878,25473
26880,3273
26884,4266
26885,10649
26887,17234
26888,11122
26889,36903
26891,39086
26892,5496
26893,25584
26894,24013
26896,11179
26900,18149
26902,43525
26903,41431
26906,33045
26911,29007
26913,22713
26914,34641
26915,42374
26916,15546
26917,29714
26918,7092
26921,42698
26924,20661
26926,36060
26931,33077
26933,33966
26938,5753
26939,1099
26942,33576
26943,37169
26945,14087
26947,21650
26948,27660
26950,37628
26951,29163
26952,27958
26960,28422
26966,1223
26967,18262
26969,41226
26970,37398
26972,33766
26973,10398
26974,31785
26976,38936
26977,33763
26978,18029
26979,5730
26980,14937
26981,12125
26982,17468
26983,32728
26985,3494
26986,3880
26987,43251
26988,8724
26989,23981
26990,39316
26996,21188
26997,8166
26998,3656
26999,17160
27000,44350
27001,20144
27003,38236
27004,39644
27006,36419
27007,28159
27008,39672
27009,19303
27010,21257
27011,11016
27012,37818
27014,5054
27015,24546
27016,13054
27017,11658
27018,4760
27019,38881
27020,37407
27021,40915
27022,42681
27023,15049
27027,38369
27028,18187
27031,5300
27032,20243
27034,13502
27035,18297
27037,5406
27038,20015
27040,10283
27041,24114
27044,6197
27047,37438
27051,42706
27053,30269
27055,41863
27056,44252
27058,21245
27059,10599
27063,4161
27064,24632
27065,19826
27067,43356
27070,38679
27071,41734
27073,10385
27076,33605
27077,19114
27080,39767
27082,2339
27083,29020
27084,17813
27085,13088
27086,7317
27087,16330
27088,20870
27089,35480
27090,15783
27091,28201
27093,7069
27096,5124
27098,15611
27099,29574
27100,32397
27101,6084
27102,24104
27104,889
27106,18402
27108,28122
27109,24129
27111,1639
27115,43888
27116,15345
27117,43097
27118,10720
27119,17839
27120,4977
27121,24246
27122,37819
27123,34201
27124,23919
27125,35247
27126,39236
27127,11218
27128,30621
27129,39485
27130,1633
27131,16112
27132,30891
27133,19080
27135,29638
27136,10404
27137,38946
27138,22312
27139,17426
27141,5133
27143,25588
27144,23468
27145,22356
27146,25718
27147,15685
27148,19412
27149,23428
27150,29115
27151,6189
27153,29760
27154,3681
27156,44056
27160,7855
27166,20414
27169,3836
27172,12936
27175,17992
27177,10580
27180,28090
27182,20625
27183,43181
27184,21746
27186,42850
27187,13287
27189,131
27191,1937
27192,42149
27194,5730
27195,18329
27196,28667
27197,24992
27198,5010
27199,13614
27200,611
27201,44254
27202,16613
27203,11642
27204,43450
27207,21567
27209,12607
27210,27466
27212,6812
27214,40897
27216,6214
27217,2438
27219,13329
27221,29708
27223,32296
27224,33233
27225,37664
27226,23870
27227,1826
27230,6107
27231,3469
27232,1694
27233,32007
27234,6780
27235,32149
27237,17742
27238,10821
27239,13724
27240,14200
27242,27307
27244,28177
27249,19349
27250,36831
27251,28108
27253,19319
27254,10377
27255,22402
27256,4154
27257,10361
27259,34864
27263,14736
27264,17725
27266,41363
27268,17284
27273,29913
27276,19272
27278,29563
27279,4351
27280,21000
27283,33608
27284,5123
27285,27603
27286,29224
27288,39086
27290,21762
27294,23944
27298,19773
27299,1484
27300,23365
27301,19907
27302,10453
27303,39273
27304,28260
27305,8519
27306,36460
27307,20103
27308,1566
27309,31883
27310,32886
27311,4210
27312,29999
27313,28958
27314,7929
27315,13953
27316,21367
27317,11930
27318,42300
27319,471
27320,44521
27321,41055
27322,19275
27323,29382
27325,41709
27328,34607
27331,282
27333,23460
27334,15466
27335,31681
27336,5075
27337,38074
27338,25489
27339,31232
27341,19276
27344,28970
27345,23324
27347,42917
27348,29558
27349,4403
27350,28237
27352,18580
27353,42047
27354,37783
27355,10382
27356,43713
27357,15285
27362,27970
27366,9870
27367,4146
27368,28937
27369,11281
27370,25469
27372,16945
27375,26164
27376,44604
27377,17082
27378,37837
27379,11795
27381,38974
27384,7596
27385,42566
27387,36123
27388,27506
27389,20188
27390,9098
27393,23306
27394,8495
27402,18353
27403,41831
27405,27234
27407,5995
27408,33657
27411,10625
27413,35762
27414,535
27415,16588
27416,33012
27420,3110
27423,42201
27424,40473
27425,5603
27426,22852
27427,11482
27428,30671
27429,1461
27430,33986
27431,14973
27432,9710
27434,18864
27436,2827
27439,27659
27440,12972
27441,35473
27442,8166
27443,14748
27445,21435
27446,22615
27447,43062
27448,28719
27449,32665
27450,39342
27451,1414
27452,19017
27453,33543
27455,10807
27456,43316
27458,6774
27460,15012
27461,42861
27462,11303
27463,23909
27465,43180
27466,24648
27467,41072
27468,27798
27469,19288
27470,39591
27471,11952
27472,13786
27474,32751
27475,12671
27476,13708
27478,5902
27479,30043
27480,12514
27481,10679
27482,21105
27483,13482
27484,11265
27485,35483
27486,32488
27488,18408
27489,43060
27490,43821
27491,10283
27492,1766
27493,105
27494,28171
27496,42582
27506,12864
27508,20168
27511,5894
27514,2806
27515,19865
27516,28096
27518,19994
27519,12089
27521,5360
27522,37326
27523,21467
27524,26595
27525,17861
27526,32240
27527,5481
27530,23386
27534,2997
27537,31198
27538,16192
27541,20099
27544,42140
27545,18315
27546,2019
27548,9640
27549,11981
27550,2580
27551,22945
27552,37555
27553,35457
27554,20094
27555,30498
27556,23756
27557,10702
27559,11562
27560,37711
27561,28941
27562,21634
27563,19422
27564,18630
27565,41787
27575,23817
27576,9529
27577,28594
27579,32304
27580,15199
27581,30404
27582,29063
27583,41378
27584,41876
27587,30812
27588,20538
27589,23058
27591,29142
27592,11814
27593,1422
27595,40678
27599,17118
27601,22198
27602,13124
27603,40413
27604,22889
27605,11557
27606,27843
27607,428
27608,40221
27609,33659
27611,43833
27613,29382
27614,24150
27615,29472
27616,4213
27617,22285
27619,44505
27620,35924
27621,40140
27622,1408
27623,3533
27624,7179
27629,18004
27632,24234
27633,38694
27634,22461
27642,37614
27645,27565
27646,36853
27649,5781
27650,34335
27652,25776
27653,916
27654,29713
27655,23942
27656,9984
27659,31261
27660,15628
27661,10781
27662,14932
27663,15079
27664,8984
27665,8148
27673,30782
27674,42166
27677,27352
27678,41984
27679,34414
27688,32751
27689,27749
27690,44519
27691,41931
27692,40087
27693,21743
27694,14497
27697,10910
27698,24831
27699,11939
27700,37308
27703,22915
27706,18535
27711,8224
27712,6153
27713,40041
27714,17099
27716,25192
27718,33799
27721,15990
27723,22557
27726,43343
27728,5666
27730,29833
27731,23391
27733,10914
27734,13341
27735,10180
27737,28965
27738,36060
27739,24814
27741,31435
27744,26970
27746,7551
27748,41115
27749,30420
27751,30654
27752,10146
27753,14206
27755,36498
27759,9970
27760,6483
27761,34567
27763,31823
27764,11060
27765,2670
27767,31465
27768,6684
27769,12672
27770,19236
27773,36758
27778,1599
27779,43176
27783,38094
27784,33476
27786,15670
27792,17224
27793,31091
27796,16763
27798,11851
27799,304
27800,3584
27803,7112
27806,33492
27807,42050
27809,28774
27810,21866
27811,39061
27812,39745
27813,38927
27814,44563
27815,34500
27816,23324
27817,22950
27818,11832
27820,42682
27821,261
27822,43696
27827,36784
27829,16110
27831,5305
27832,4549
27833,41696
27834,8451
27842,17014
27843,6041
27847,12963
27849,3218
27850,39065
27852,9287
27862,23509
27863,15662
27864,35107
27865,1256
27866,21879
27867,22406
27869,2964
27871,18669
27876,901
27879,33068
27880,25204
27881,19359
27882,42102
27883,31601
27885,32618
27886,5069
27888,18498
27890,7540
27893,18205
27894,6182
27895,4088
27897,32964
27898,17752
27899,34259
27900,25858
27901,15943
27903,20428
27904,29641
27906,41738
27908,39090
27909,36305
27910,3926
27911,4203
27912,8688
27913,2566
27914,33224
27915,12991
27917,16847
27918,43901
27919,4532
27921,19060
27922,41775
27923,37533
27924,16283
27925,39930
27927,38163
27928,25722
27929,17528
27930,35527
27931,10875
27932,14045
27933,4426
27935,3694
27936,14505
27937,16196
27939,1050
27941,12172
27942,9016
27945,30953
27948,35525
27949,31470
27950,43714
27952,7951
27953,31078
27954,10754
27955,31373
27957,44637
27958,19996
27960,43520
27962,40091
27963,21320
27964,178
27965,43927
27967,42043
27968,29670
27969,33132
27970,39149
27971,22489
27972,43058
27973,7628
27974,23379
27975,29671
27976,35707
27978,39457
27979,5922
27980,25298
27981,38417
27983,5512
27984,3343
27985,34322
27986,29826
27987,24601
27988,2550
27989,29955
27990,18594
27991,28066
27992,25829
27993,8274
27994,37075
27995,29739
27997,31471
28003,39620
28004,19259
28005,30473
28006,34736
28007,24815
28008,12619
28009,13519
28011,36092
28012,39862
28013,30999
28014,14711
28015,24653
28019,816
28020,9686
28021,9740
28023,39556
28024,25233
28026,26244
28027,25630
28029,819
28030,35700
28031,43989
28032,14330
28033,43999
28035,29644
28036,8107
28037,37816
28038,8591
28041,21684
28042,13676
28044,2422
28045,25947
28046,2233
28047,32506
28052,42307
28054,15435
28055,1850
28060,11897
28061,16194
28062,32538
28063,3557
28064,10175
28065,34566
28066,1780
28067,7000
28069,38486
28070,19260
28071,8995
28072,2638
28073,6467
28074,31603
28075,16957
28076,28120
28078,39479
28083,18015
28085,25107
28087,2222
28088,40814
28089,34111
28090,7994
28092,35086
28094,36845
28096,15734
28097,3914
28098,2541
28099,22854
28100,38275
28102,16987
28103,1504
28104,4897
28106,9741
28107,36004
28108,8581
28109,4614
28114,2201
28115,1379
28116,3754
28117,24755
28118,38511
28119,19279
28120,17602
28121,35518
28122,16415
28123,6057
28124,9121
28125,3043
28126,8235
28127,3363
28129,10337
28130,32983
28131,21063
28132,32976
28137,42627
28142,28888
28143,41184
28144,9285
28146,22787
28147,38495
28148,16411
28149,9405
28150,18339
28152,22803
28153,12920
28154,41852
28155,12243
28156,2188
28157,25009
28158,17203
28159,32282
28162,40326
28163,42240
28165,21141
28166,22184
28167,4890
28168,10189
28169,4414
28171,17223
28177,34865
28179,9650
28180,10276
28181,5269
28182,26846
28183,4198
28184,31036
28185,13502
28186,10001
28187,11917
28188,500
28189,4125
28192,41606
28193,7633
28194,17165
28195,10887
28196,20401
28201,7059
28205,23916
28206,33228
28207,29714
28210,40721
28217,42832
28218,1191
28222,36674
28227,38393
28228,25436
28229,28227
28230,42692
28235,44274
28237,16183
28239,23254
28240,34285
28241,3342
28243,5957
28244,1001
28245,29669
28246,35188
28247,29690
28248,18583
28249,5380
28250,33497
28251,29890
28252,21881
28253,39619
28254,20824
28255,30548
28256,27328
28257,36803
28258,22443
28259,16766
28260,20867
28261,20741
28262,30351
28263,16166
28265,17501
28267,25554
28268,40168
28269,35597
28272,44375
28273,19062
28274,43842
28275,23314
28277,40825
28278,2889
28279,31646
28280,8703
28281,36029
28282,20943
28283,39767
28284,13309
28285,11200
28286,26704
28287,675
28288,28177
28289,4963
28290,6846
28292,27115
28293,10459
28294,31772
28296,10317
28298,37420
28299,41578
28300,43755
28301,16122
28302,43024
28303,2933
28304,1568
28305,5248
28306,7598
28307,2645
28308,16687
28309,7663
28310,36661
28311,19231
28312,12034
28313,3634
28314,23781
28315,27809
28316,5345
28319,17126
28320,1417
28321,32632
28322,25640
28323,10545
28324,13835
28325,24303
28326,2308
28327,27318
28329,3774
28330,33169
28331,23930
28332,7900
28333,12798
28335,24988
28336,10341
28338,28346
28339,8361
28340,5573
28342,27941
28343,2441
28344,14088
28345,6304
28346,40756
28347,11567
28348,19057
28349,29763
28350,8762
28352,35193
28353,26102
28360,1141
28362,32101
28363,12739
28364,20955
28365,40231
28366,20774
28367,2187
28368,42411
28369,4070
28370,39487
28371,18206
28372,17826
28373,35491
28374,732
28375,30015
28377,6710
28378,32346
28379,26220
28380,4955
28381,5435
28382,17419
28384,31184
28385,38348
28386,7066
28387,24354
28388,17024
28389,13818
28390,27335
28391,17741
28392,13731
28393,21659
28394,43706
28395,44726
28398,14924
28399,4464
28400,31168
28401,5240
28404,9
28406,32912
28407,40092
28408,9854
28409,19731
28411,23614
28412,16908
28421,22597
28422,8649
28423,20319
28424,4343
28426,34304
28431,5711
28436,4873
28444,27259
28445,1230
28446,35080
28447,2650
28448,6166
28449,12428
28451,4004
28461,26401
28462,32443
28463,15227
28465,4895
28466,41941
28467,13502
28468,35418
28469,18932
28470,3310
28471,41051
28472,35349
28474,5313
28476,30663
28477,37876
28478,6542
28479,29744
28480,8974
28489,21256
28490,22874
28492,16900
28497,29731
28498,12734
28499,5456
28503,30298
28504,27011
28505,3711
28511,14549
28513,42098
28514,10156
28515,16229
28516,32135
28517,23911
28518,27551
28519,5858
28520,9433
28521,36029
28522,6343
28523,16852
28524,29968
28525,41276
28527,23717
28532,10910
28533,21717
28541,5762
28544,39428
28548,27759
28550,40944
28551,24886
28569,22393
28571,32128
28581,2757
28584,26042
28585,33012
28586,32424
28587,9353
28589,30621
28590,42607
28591,31507
28592,8947
28594,65
28595,38936
28596,18222
28597,14828
28599,40637
28600,14642
28601,18884
28602,24069
28603,8553
28604,30875
28605,11058
28606,5500
28607,36328
28608,34673
28609,7054
28610,19733
28611,6584
28612,29356
28614,32235
28615,28309
28616,20923
28623,23932
28624,1551
28626,305
28627,10914
28630,8017
28633,32590
28636,35670
28637,12954
28638,17741
28639,36443
28642,18401
28651,4844
28653,14093
28663,20259
28664,14352
28665,7588
28666,28255
28667,3590
28668,14025
28669,13556
28670,33635
28671,22948
28686,20731
28687,10988
28690,36446
28692,10883
28693,38003
28695,12125
28702,34224
28703,4948
28704,36088
28705,21520
28706,8923
28707,20646
28709,27519
28713,38946
28715,2231
28716,31655
28717,3125
28718,8581
28719,6929
28720,27692
28722,26776
28723,3340
28724,35520
28727,31701
28731,35730
28734,898
28736,23326
28737,5239
28738,10125
28739,37308
28740,23522
28741,33220
28742,12647
28743,38217
28744,42693
28745,8275
28746,25267
28747,5717
28748,41764
28754,37834
28755,29374
28756,4336
28757,35924
28759,20734
28761,449
28762,37958
28764,10881
28765,28889
28769,18854
28771,10298
28772,19248
28773,9801
28774,24301
28775,10961
28777,37538
28778,15871
28779,23322
28797,29505
28808,16453
28811,23868
28812,12905
28813,24982
28814,37864
28816,16582
28817,21650
28818,11381
28820,44292
28823,24585
28831,21592
28832,22429
28834,188
28835,27047
28837,15797
28838,29230
28839,18999
28840,31701
28841,32835
28843,43603
28844,24206
28846,43067
28847,24501
28848,7117
28849,26403
28850,32324
28851,2696
28852,7235
28853,39283
28855,14033
28857,32819
28858,15624
28860,28704
28861,38320
28862,27466
28870,2871
28871,26902
28872,43603
28873,22279
28874,15682
28875,33123
28876,502
28877,31917
28878,6233
28879,33461
28880,15466
28881,37275
28882,7844
28883,2825
28884,12652
28885,40624
28886,19968
28887,22235
28888,31182
28889,16974
28891,32000
28892,37520
28894,41701
28895,23174
28896,20033
28897,27453
28898,14300
28899,5978
28900,29714
28901,20059
28902,25772
28904,23130
28905,24755
28906,21362
28907,23717
28908,44332
28911,44263
28913,12504
28914,21849
28915,35377
28916,29545
28919,22540
28921,29473
28923,32950
28925,27806
28926,43928
28927,15324
28928,33928
28932,15802
28933,23853
28934,2783
28935,27761
28936,38287
28937,5053
28939,19373
28940,3126
28941,36533
28942,28322
28943,32609
28944,33618
28945,10220
28948,2401
28949,7304
28951,17975
28952,22540
28953,18206
28954,43076
28955,5651
28956,42672
28958,43231
28960,25257
28961,15055
28962,13587
28964,7231
28965,23094
28966,39147
28967,42168
28968,41362
28969,773
28970,26985
28971,8002
28972,26450
28974,28118
28975,21856
28976,44420
28977,24172
28978,3615
28979,27665
28980,8929
28981,24252
28982,13187
28983,24164
28986,28156
28987,34336
28988,8721
28989,27967
28990,14183
28991,11369
28992,25608
28994,2998
28995,1189
28996,32665
28997,23648
28998,3133
28999,30089
29000,4686
29001,7688
29002,22610
29004,15593
29006,3823
29007,17582
29009,5770
29013,35680
29016,25050
29019,7496
29020,39546
29022,41104
29023,36750
29027,44419
29028,881
29029,33984
29031,10717
29032,12625
29033,12548
29038,19038
29041,710
29043,5556
29044,34118
29045,33004
29049,22577
29053,10706
29054,43532
29057,16450
29058,10348
29059,22646
29061,15468
29062,21312
29063,40471
29064,26196
29065,12972
29066,34116
29067,21510
29068,20465
29070,44399
29075,19942
29077,6774
29080,2731
29081,18966
29084,18984
29086,18982
29091,44728
29093,5799
29098,13650
29099,2111
29100,8707
29101,41490
29102,19189
29103,6152
29104,8443
29105,19737
29106,24559
29107,24480
29108,11485
29109,23325
29110,24616
29111,33608
29112,25260
29113,10802
29115,11304
29120,16278
29121,1675
29123,29348
29131,3132
29132,15596
29133,4236
29135,33440
29137,38467
29138,9611
29140,43805
29141,152
29142,21485
29143,28642
29147,37777
29149,13465
29150,41966
29153,27469
29154,26664
29156,43802
29157,29753
29158,32294
29160,43598
29161,23436
29162,27931
29163,32897
29165,21788
29166,44710
29167,12906
29170,40119
29173,36935
29174,18125
29175,13365
29177,42732
29178,33246
29179,32231
29180,31450
29185,13524
29188,14726
29192,5989
29193,24809
29201,13913
29203,41383
29204,40713
29207,28848
29208,8964
29209,2162
29210,34675
29212,6014
29213,837
29215,35693
29221,21485
29222,8187
29224,12570
29229,25260
29230,9202
29232,28347
29234,3520
29239,38781
29240,42475
29241,39641
29244,1165
29246,37615
29251,3648
29255,6138
29257,31052
29260,44333
29261,18909
29262,30165
29263,5555
29264,17314
29269,33357
29270,17646
29271,500
29273,19295
29274,38364
29275,1221
29277,21512
29278,9059
29279,44154
29283,31035
29288,18861
29289,33840
29290,2721
29291,27914
29294,39471
29297,6436
29301,24380
29303,20101
29304,8814
29306,31961
29308,32585
29313,17064
29317,17109
29318,36366
29319,34926
29321,39772
29323,22223
29325,23880
29331,15988
29334,34683
29336,22031
29337,32543
29339,13569
29343,9068
29344,16796
29346,1946
29348,18844
29349,44596
29350,17660
29351,17142
29353,17318
29354,23538
29356,13027
29359,6998
29360,6086
29361,1276
29362,17183
29363,15503
29364,31548
29365,28446
29366,24114
29367,14862
29368,9962
29369,13587
29370,13068
29371,25548
29373,44638
29374,16650
29375,4366
29376,34482
29377,7871
29378,8148
29380,23782
29382,44670
29385,22922
29386,2472
29388,16046
29389,9767
29394,16647
29395,6238
29396,32274
29398,14318
29399,12999
29402,7129
29406,12912
29408,37981
29409,34509
29411,13161
29412,25001
29413,20089
29414,42027
29416,2238
29418,41945
29419,15093
29421,16125
29422,21472
29423,1737
29425,16353
29426,39622
29427,35926
29428,12665
29430,5107
29431,30389
29435,10144
29436,24084
29437,22042
29438,4156
29439,21307
29440,4112
29441,5769
29445,33658
29451,33322
29454,18654
29457,3330
29458,16833
29459,26779
29460,16814
29461,4230
29462,18768
29465,22097
29466,38639
29472,36524
29473,17038
29474,12606
29477,27082
29480,3641
29482,13938
29483,26914
29484,5324
29488,27645
29490,35240
29492,16348
29495,40283
29497,12590
29499,11200
29501,19268
29503,9774
29504,44675
29505,36547
29506,32681
29507,36820
29511,16002
29512,4444
29514,11498
29515,37956
29516,35498
29517,10438
29518,10891
29519,17469
29521,11685
29522,11577
29523,13212
29528,6995
29529,10258
29533,5588
29537,17887
29539,39082
29540,31142
29541,23783
29542,36617
29545,13549
29548,39263
29549,11727
29551,24097
29555,7613
29557,13474
29558,39499
29559,11070
29560,35930
29561,25766
29562,6268
29563,42315
29564,41555
29565,4964
29566,16013
29567,4739
29568,20320
29569,38552
29571,43706
29572,30193
29574,36721
29575,15140
29578,16279
29585,29203
29586,143
29589,25447
29591,29928
29594,21724
29595,12986
29596,27199
29598,8663
29599,26608
29603,21615
29605,20098
29607,6761
29608,6417
29609,19241
29613,1588
29614,36584
29615,6659
29616,27445
29617,1966
29618,3876
29623,20728
29624,33719
29626,8103
29627,27307
29628,183
29629,39884
29631,7588
29632,34811
29633,22036
29634,6571
29638,27746
29639,6815
29640,8528
29641,33581
29642,32198
29643,41747
29644,43494
29646,32072
29647,13055
29649,30933
29652,22174
29658,24097
29660,2984
29661,11176
29662,4756
29663,17062
29666,24689
29667,31456
29668,28901
29669,16172
29670,4723
29671,25342
29672,22156
29676,7225
29681,22857
29682,5286
29684,40511
29685,29807
29686,42190
29688,11632
29689,24653
29690,37441
29691,23970
29693,4304
29694,19983
29695,21244
29696,29204
29697,2496
29698,40010
29700,5942
29701,27089
29703,35208
29708,11667
29709,15261
29711,15406
29712,3315
29713,16371
29714,14592
29717,16141
29720,28323
29722,15226
29723,28692
29725,29331
29727,16818
29729,3102
29731,12570
29733,30621
29735,16204
29739,21469
29740,41295
29742,27099
29743,32642
29744,2231
29748,33551
29749,41153
29750,5682
29752,33476
29753,20101
29754,10975
29756,4312
29757,1087
29758,4050
29760,27098
29763,28778
29766,39982
29767,23450
29768,28914
29772,14132
29776,38128
29777,26750
29778,19318
29780,34765
29782,18341
29783,29957
29785,26699
29786,43338
29788,36173
29789,32656
29793,21898
29794,13789
29796,7339
29798,7697
29799,18424
29801,1008
29806,44575
29807,15639
29808,27372
29810,39134
29811,26999
29815,38299
29816,39533
29817,13391
29819,6148
29820,25207
29821,27266
29823,17066
29824,36159
29825,1284
29826,34665
29828,35373
29831,4243
29832,43069
29833,10603
29834,40382
29835,44742
29839,2670
29840,5308
29842,17984
29844,25131
29845,32348
29846,7740
29850,26948
29851,33305
29852,14593
29853,43215
29854,33153
29855,20853
29856,13359
29857,255
29858,22073
29859,33402
29860,472
29861,19843
29862,32476
29864,38951
29865,44743
29867,29821
29868,13090
29869,37478
29870,9929
29873,17666
29874,37595
29875,20907
29876,24853
29877,31790
29879,18024
29880,11643
29881,23098
29883,35472
29884,12772
29886,29828
29887,38521
29889,25977
29890,34303
29891,9015
29893,32403
29894,1053
29895,6480
29898,8144
29899,31277
29900,9834
29903,20962
29905,14718
29907,7001
29910,40542
29912,29396
29913,9333
29915,41838
29918,21871
29919,37589
29920,40890
29922,38580
29923,20250
29924,34566
29926,35599
29927,4302
29928,25288
29929,28916
29930,29826
29931,21908
29935,11826
29942,27089
29944,2008
29945,16420
29946,37732
29949,35435
29951,13170
29952,33284
29953,13977
29955,14325
29956,4477
29957,15272
29958,32188
29959,20875
29960,32382
29961,1532
29963,13238
29964,1981
29965,960
29966,9279
29967,23737
29968,41338
29970,3217
29971,20156
29973,2888
29975,36686
29976,34201
29977,17091
29980,21122
29981,3435
29983,30567
29984,19041
29985,18916
29986,40152
29987,43567
29988,35393
29991,11795
29992,12659
29993,32950
29995,13844
29998,31435
29999,33530
30001,271
30002,43713
30003,21114
30010,15216
30012,33326
30013,44726
30014,8721
30015,22931
30016,23631
30017,20055
30018,10729
30019,5768
30020,16048
30021,34212
30023,25467
30024,32013
30025,7928
30026,33950
30028,506
30029,37980
30030,42564
30033,34232
30035,42743
30037,34656
30038,17506
30039,5882
30040,23135
30042,9046
30043,5474
30044,21242
30046,5394
30047,21371
30048,16280
30049,10588
30050,15684
30052,29603
30053,7911
30054,33349
30056,30590
30057,6043
30059,40825
30060,30582
30061,27537
30062,27137
30064,4510
30065,4916
30066,17607
30068,5469
30070,41863
30071,29106
30072,35483
30074,37805
30076,41106
30077,30954
30078,40411
30079,39742
30081,43999
30082,43834
30083,44416
30084,10796
30085,15926
30089,43651
30090,26054
30091,7520
30094,37742
30095,27979
30096,29062
30097,20548
30098,24517
30101,2422
30102,15083
30103,42188
30106,20749
30107,35251
30108,22429
30110,37658
30112,9046
30114,36454
30116,38495
30117,27603
30119,4464
30120,14936
30121,31894
30122,24710
30123,12985
30124,2104
30125,44670
30126,44369
30127,22396
30129,10618
30130,24519
30131,10388
30132,31788
30133,9053
30140,19149
30142,30413
30149,21910
30150,22409
30154,23592
30156,33059
30158,30044
30162,13064
30163,5543
30164,10936
30165,30123
30166,37764
30167,32620
30168,22447
30171,43890
30174,3049
30176,37945
30177,27285
30178,29004
30181,21513
30182,33104
30184,33497
30189,44509
30190,1261
30191,24432
30192,884
30193,8093
30195,14425
30203,4684
30210,19177
30212,29975
30213,38748
30216,37254
30218,41775
30225,40554
30226,20527
30228,38088
30230,40684
30231,7434
30232,29708
30235,24709
30238,42252
30241,23209
30242,38367
30243,4112
30246,21666
30249,6358
30252,4271
30253,26359
30255,18344
30257,41791
30259,8358
30260,19765
30261,43947
30262,10662
30264,43665
30265,31763
30266,8513
30267,6893
30268,1661
30269,3444
30270,23533
30272,30506
30274,22047
30275,12471
30276,9760
30278,8703
30285,24667
30286,10431
30288,31317
30289,15239
30290,22241
30291,41511
30292,33343
30294,4868
30295,9903
30296,19125
30297,5582
30298,16762
30300,32883
30301,29603
30302,10626
30304,12784
30305,620
30308,41270
30309,2173
30310,24628
30312,37704
30313,22920
30316,20772
30317,37658
30319,37771
30321,25596
30322,37780
30323,17352
30324,27760
30325,11890
30326,33198
30329,27349
30330,1103
30334,37345
30339,28060
30343,43597
30344,15510
30346,43518
30351,2423
30352,20463
30353,18896
30355,19849
30356,13295
30357,37393
30359,27204
30360,43239
30361,13562
30362,26470
30368,10025
30369,12045
30373,17780
30374,7350
30377,2700
30380,31970
30381,36459
30383,42126
30385,20116
30389,40854
30396,33484
30397,30858
30402,17274
30404,39545
30406,44072
30410,19975
30412,20938
30413,7113
30417,34727
30418,23341
30420,23872
30421,31207
30422,42301
30425,14556
30429,17147
30431,5193
30435,8454
30436,15565
30437,27906
30441,10736
30442,9398
30447,27200
30448,5900
30449,44693
30450,35175
30451,28
30452,27744
30454,10041
30455,15561
30458,14901
30470,13973
30471,10149
30472,23345
30473,28252
30475,11492
30476,42328
30479,30803
30480,31787
30481,33711
30485,21328
30486,22770
30487,1772
30488,30490
30490,15742
30491,10780
30492,41312
30494,19714
30495,42315
30497,12408
30498,18497
30499,28519
30502,35241
30504,31715
30506,25719
30507,28470
30508,38054
30510,6300
30511,7045
30512,9731
30513,12749
30514,8260
30517,30869
30518,35116
30523,41984
30525,24278
30527,38404
30529,19614
30531,22594
30532,20706
30534,35573
30536,13777
30537,5727
30539,32479
30540,35738
30541,7688
30542,24658
30543,25482
30545,23972
30548,17414
30549,7966
30550,24777
30553,32239
30555,18611
30556,29022
30559,10357
30562,34076
30564,22966
30565,109
30567,43327
30568,598
30569,40720
30572,4744
30573,19300
30576,24481
30580,21550
30582,38307
30584,16941
30586,844
30587,26326
30589,31300
30590,26322
30593,4576
30594,28614
30596,39173
30600,32739
30604,3302
30606,27733
30607,24614
30610,25077
30612,8004
30613,27524
30614,23721
30616,32345
30617,29561
30620,36797
30621,4956
30623,38467
30624,43840
30625,33052
30627,3925
30628,12983
30629,13124
30630,7009
30634,33369
30636,2664
30637,31815
30638,8862
30642,13650
30649,42393
30650,22428
30651,18639
30654,3084
30655,7191
30656,26979
30660,8166
30661,7422
30663,31276
30667,138
30668,31465
30671,19947
30675,30695
30676,14660
30679,27390
30680,17725
30683,11857
30685,26966
30688,6551
30689,3670
30690,30030
30693,22204
30695,2209
30696,26775
30697,1224
30699,41527
30700,3989
30702,9698
30703,25606
30704,42013
30705,42393
30706,2053
30707,10335
30708,42258
30710,37443
30712,37079
30714,7079
30716,23797
30717,32524
30719,10244
30721,18121
30722,2947
30723,34864
30726,4331
30728,15473
30729,11238
30732,37985
30733,34098
30735,21483
30737,22895
30738,23848
30740,6013
30742,16704
30743,4832
30744,636
30745,43709
30747,21273
30750,16802
30751,13872
30752,38469
30753,681
30754,36281
30756,38842
30758,27863
30762,22074
30766,10806
30769,2613
30770,18684
30773,9802
30775,35163
30777,18462
30779,1986
30780,31461
30782,41132
30783,42292
30786,22151
30789,1979
30791,12313
30792,20661
30795,41379
30797,14877
30799,5325
30800,11636
30803,35740
30804,37925
30805,6938
30806,21903
30808,20170
30809,30832
30810,30982
30812,42047
30814,22397
30815,23685
30816,18126
30817,6266
30818,23814
30821,32773
30822,20141
30823,21444
30828,31815
30831,22572
30832,26030
30836,39624
30837,43448
30838,9242
30840,27511
30841,8073
30842,3993
30844,5343
30846,35207
30848,29477
30850,28088
30852,22382
30853,42097
30854,9387
30855,26080
30858,36733
30859,12431
30861,7184
30862,34610
30864,16509
30865,8682
30866,43673
30867,20820
30869,13236
30870,32229
30872,32392
30873,42507
30875,10246
30877,31795
30879,18494
30880,21427
30881,33298
30882,7425
30883,32761
30887,23064
30888,13687
30889,2031
30891,38649
30892,16386
30893,34263
30894,36911
30895,3785
30896,16780
30897,42191
30898,31761
30899,7518
30902,36343
30903,42948
30906,23943
30907,31994
30910,6266
30912,29953
30914,27881
30917,8744
30925,30947
30926,33366
30927,4313
30928,4797
30929,34298
30930,44724
30931,3551
30932,15049
30933,8005
30935,23960
30937,17861
30938,22797
30939,3669
30941,27890
30942,3901
30943,25171
30944,10913
30946,44213
30947,13593
30949,15012
30950,11383
30951,15111
30953,30265
30954,32117
30955,12685
30957,7116
30958,44240
30960,6559
30961,43501
30962,17206
30964,31359
30967,23190
30968,37663
30969,31799
30971,2685
30973,31073
30974,44258
30977,14572
30978,18477
30979,34040
30980,17409
30981,21478
30982,18187
30983,23307
30984,24115
30988,43143
30990,1885
30991,28313
30993,28029
30994,42711
30995,9927
30996,27755
30997,11538
30998,21113
30999,765
31000,4859
31001,25499
31002,8857
31003,41153
31004,24876
31005,660
31006,44394
31007,12744
31008,29364
31009,38230
31012,24402
31013,25327
31015,22303
31018,8511
31019,40040
31020,2360
31022,5838
31024,2584
31028,6855
31031,30017
31032,33712
31034,39017
31035,24355
31036,41612
31037,15108
31043,23303
31047,7088
31052,22599
31054,33415
31056,40637
31057,3754
31058,23613
31060,42911
31061,22296
31062,42339
31065,38741
31067,27314
31068,7963
31070,8248
31071,3766
31072,16444
31073,35729
31076,24816
31077,23488
31078,28895
31080,37663
31081,1350
31082,19257
31087,23917
31090,44149
31091,33571
31092,14410
31093,2081
31096,25339
31097,43395
31098,16470
31099,28981
31100,33026
31101,40925
31103,19205
31105,19369
31106,655
31107,28250
31108,11277
31109,25829
31110,22063
31111,20178
31113,31373
31116,35506
31117,31200
31118,37563
31119,14077
31120,4062
31122,19845
31124,21143
31125,25832
31126,17266
31127,47
31129,21332
31130,40988
31133,42300
31134,10919
31135,29103
31136,19711
31137,15005
31138,38130
31140,37644
31141,42190
31142,43186
31144,33966
31145,10423
31147,23965
31148,15386
31150,24735
31152,20143
31153,3735
31154,21562
31158,12011
31159,26233
31160,26655
31161,29351
31163,31334
31164,10298
31165,12626
31168,13600
31169,19277
31171,8779
31172,37122
31174,1771
31176,14330
31177,12185
31178,33223
31179,3404
31180,11335
31181,25710
31182,19692
31183,37968
31184,8126
31185,2934
31187,3242
31188,30458
31190,4939
31191,11712
31192,22350
31193,22078
31195,3914
31196,2790
31197,33959
31198,21494
31199,7922
31200,16443
31201,33851
31202,24334
31203,23168
31204,43731
31205,19432
31206,41790
31207,41400
31209,17024
31210,8769
31211,24815
31213,22782
31214,33951
31215,17333
31216,39774
31219,27008
31220,8957
31221,37960
31222,5844
31223,31428
31225,34499
31226,43295
31227,21889
31228,15118
31229,20554
31231,32929
31232,22488
31233,22480
31235,4291
31238,40529
31239,1012
31240,13733
31241,16137
31245,14311
31246,22450
31247,34820
31249,30926
31250,904
31251,5935
31252,27439
31254,12632
31255,4502
31259,14261
31260,33608
31261,4344
31262,40813
31264,9744
31267,23653
31268,32518
31269,25178
31270,19905
31271,2051
31274,13027
31275,41952
31276,5286
31277,25934
31278,38346
31279,3105
31281,27731
31282,34411
31283,20607
31286,1841
31287,33455
31288,42879
31290,39673
31292,16339
31293,37862
31295,26876
31296,31099
31297,23858
31299,7991
31300,2022
31301,21021
31302,13048
31304,2881
31305,26040
31306,26017
31307,21988
31308,19585
31309,27486
31311,1465
31312,34983
31313,11757
31314,19791
31315,35233
31316,36786
31317,22882
31319,41175
31320,33689
31323,41451
31324,3160
31326,1235
31327,30038
31328,10496
31330,20031
31331,28693
31332,44617
31333,25539
31334,43392
31336,18839
31338,16318
31339,19780
31341,11291
31342,40946
31344,23790
31346,13789
31348,6918
31350,10538
31351,28259
31353,2637
31354,10690
31355,40141
31359,42946
31360,6246
31362,5710
31364,33366
31366,13261
31367,4226
31368,39366
31369,33617
31370,39164
31371,14194
31372,24324
31373,28541
31376,31147
31377,25309
31379,12383
31380,36117
31381,4766
31383,21242
31384,5623
31385,42811
31386,40633
31387,41606
31388,22518
31389,44081
31391,16072
31393,37041
31395,34656
31396,13589
31398,39248
31400,17003
31401,3250
31404,33298
31405,13825
31406,16934
31408,21291
31410,31656
31413,40813
31414,28637
31416,30840
31417,36737
31419,2798
31421,16515
31423,7458
31426,290
31427,15311
31428,24645
31429,31099
31430,24911
31434,36293
31435,790
31437,19820
31439,20055
31444,34188
31445,34975
31446,13083
31447,2524
31448,28888
31449,35686
31450,25961
31451,10426
31452,8565
31453,21344
31456,44282
31461,11722
31462,2468
31463,16452
31465,11861
31467,23470
31468,19018
31469,44008
31470,32645
31471,6301
31472,23707
31473,2311
31474,1745
31475,30697
31476,14373
31477,43751
31479,38486
31480,15744
31482,5773
31484,34137
31485,11723
31486,35922
31489,37656
31490,38640
31492,28755
31493,18000
31494,38898
31497,28347
31498,7672
31499,43087
31502,21110
31507,8332
31508,33845
31509,6319
31512,8221
31513,7325
31514,11249
31515,23800
31516,1421
31517,36678
31521,17614
31522,44636
31525,11733
31526,9515
31528,22508
31530,4029
31532,17625
31534,8682
31538,12589
31540,8208
31541,33897
31545,15642
31546,19677
31547,13660
31548,14814
31550,11481
31551,22582
31552,5049
31553,17191
31554,19714
31555,32225
31556,39236
31558,4720
31559,26752
31560,10931
31563,32761
31570,38391
31575,44129
31577,4834
31579,38236
31582,29894
31587,13454
31591,34563
31592,6184
31593,31497
31595,31276
31597,39654
31598,40390
31600,16323
31601,9842
31603,4711
31605,22632
31606,5372
31608,14521
31610,39558
31611,1018
31612,36373
31613,12298
31614,26977
31616,30097
31618,24188
31622,37399
31626,21473
31627,764
31629,35175
31632,36957
31638,19751
31639,43756
31640,34052
31641,30131
31642,12912
31643,4486
31645,20666
31646,43539
31650,2795
31651,16818
31653,33556
31655,43047
31656,1466
31658,28850
31659,22690
31660,11266
31661,11575
31662,38430
31663,24977
31664,16211
31665,28389
31667,28424
31669,37290
31670,4812
31671,3748
31672,33432
31673,20300
31675,23952
31676,8475
31680,17022
31681,21956
31687,16254
31689,4107
31691,31783
31695,1394
31698,5027
31699,19996
31701,15759
31705,19809
31706,24323
31707,22391
31708,28596
31710,22519
31711,6931
31712,32896
31713,4176
31715,18120
31716,28311
31717,3546
31718,23037
31719,5983
31720,19190
31721,43698
31723,24075
31725,5427
31727,16467
31728,41455
31729,33488
31732,21890
31733,41528
31734,26470
31735,2675
31736,37020
31737,30191
31743,27677
31747,11712
31748,7349
31749,2209
31751,21608
31753,17011
31754,5112
31756,13706
31758,14368
31759,8829
31760,15322
31761,21890
31762,13274
31763,36791
31764,31969
31765,38264
31767,21780
31768,10568
31770,34593
31772,27065
31774,1802
31775,44071
31776,17483
31777,27367
31778,33070
31779,30448
31780,29860
31781,14848
31783,42690
31784,10430
31785,22121
31786,40175
31787,20651
31788,40451
31789,22200
31790,16180
31792,22972
31794,26235
31795,3454
31796,26240
31797,5563
31798,18466
31799,31881
31800,10498
31802,7613
31803,40375
31804,25309
31807,17440
31809,34753
31810,29586
31811,37322
31812,13562
31814,8711
31815,16303
31820,18149
31822,44372
31823,30762
31825,24222
31826,11834
31827,369
31829,7261
31830,31864
31831,4230
31833,1860
31836,29540
31838,21773
31843,25606
31844,8472
31846,39695
31850,17212
31851,828
31852,10741
31857,25483
31860,28653
31861,42411
31862,2768
31864,26812
31865,14460
31866,37335
31867,30182
31868,23526
31869,25201
31870,32769
31871,14473
31872,6706
31873,8581
31874,1204
31875,27818
31876,22567
31878,35835
31881,44742
31882,5887
31883,21495
31884,3093
31885,32802
31886,6841
31887,39266
31888,29435
31890,33377
31891,11019
31894,36334
31899,40622
31900,13260
31901,23076
31902,25649
31903,42731
31904,7789
31905,27939
31910,4186
31911,21752
31917,28363
31918,35661
31919,33653
31924,1171
31925,34790
31926,38119
31927,24681
31928,34779
31929,27476
31930,31207
31932,8406
31933,21612
31934,19721
31936,16350
31938,4367
31940,41887
31942,13631
31946,21465
31947,23797
31949,19526
31950,38421
31951,19400
31952,4312
31953,14382
31954,32489
31955,13071
31956,12225
31957,35527
31958,18165
31960,2437
31961,33839
31962,22964
31964,26203
31965,28604
31969,15209
31970,40423
31974,25785
31975,12237
31976,42277
31977,25268
31978,1797
31979,31326
31980,38074
31986,3655
31988,33879
31990,6596
31991,26190
31993,24341
31994,25634
31995,19630
31996,26495
31997,36097
32000,13012
32001,20504
32002,26659
32004,2536
32007,10875
32008,18465
32009,26395
32011,19869
32012,34167
32013,43685
32014,7265
32017,18046
32020,2369
32021,34134
32023,20042
32027,28014
32028,32533
32031,30508
32032,30230
32033,14912
32035,35527
32038,24753
32039,3911
32041,36244
32042,33141
32044,32740
32045,5068
32046,35610
32047,37407
32048,23751
32049,1229
32053,41241
32054,3000
32057,24777
32058,24639
32059,19820
32060,12968
32062,3796
32063,15901
32064,43421
32065,17032
32066,30620
32067,12690
32069,29842
32071,25803
32072,17228
32074,513
32075,17178
32078,28154
32080,39134
32081,7004
32082,29929
32084,16466
32085,42867
32086,26550
32087,768
32090,30429
32091,20075
32092,39345
32093,28148
32095,32497
32098,28399
32100,28466
32101,10403
32102,23118
32105,22350
32106,40164
32107,40210
32109,29756
32110,23573
32111,6679
32112,37813
32113,2609
32116,7019
32117,6803
32118,28307
32124,4001
32125,41447
32126,30930
32127,16109
32128,26087
32130,25077
32132,32457
32134,17504
32135,40661
32136,318
32137,37757
32140,19446
32142,6346
32143,5993
32144,13071
32145,28218
32146,40917
32147,32225
32148,20544
32149,30817
32150,35607
32151,2422
32152,36898
32154,42121
32155,20764
32156,31463
32157,2677
32163,26529
32164,17034
32165,34323
32167,43890
32168,800
32171,26530
32173,19125
32176,12183
32178,33924
32179,4077
32180,15824
32182,22402
32183,4674
32185,6062
32186,14464
32188,26933
32190,8545
32191,2810
32192,42180
32193,15492
32194,37679
32195,14903
32196,36831
32198,25288
32203,32416
32205,30613
32206,38691
32209,27537
32210,20574
32212,21760
32215,38625
32216,4960
32217,23822
32219,25272
32220,5799
32222,17497
32224,24344
32225,2078
32229,13828
32231,6087
32235,23653
32239,24583
32240,7994
32241,4536
32243,39620
32244,1753
32246,18512
32249,27818
32250,28937
32251,12571
32254,27362
32256,26062
32260,28365
32261,14103
32265,26216
32266,31613
32268,8990
32270,36854
32271,23346
32272,10798
32273,26788
32274,29382
32276,5459
32277,24195
32280,28841
32282,44161
32284,32266
32286,17345
32289,33039
32291,1151
32292,19807
32293,20652
32294,42720
32296,21348
32298,6089
32299,20970
32300,2094
32302,5389
32304,13054
32305,9226
32306,33487
32308,10460
32309,35832
32311,41655
32312,37994
32313,1057
32314,32240
32315,1020
32316,11121
32318,38212
32319,3502
32320,10751
32321,42265
32324,7201
32325,36628
32326,30931
32327,3884
32330,8269
32331,18123
32332,2048
32334,6744
32335,19185
32339,42615
32340,12018
32341,34069
32342,23920
32345,27609
32346,14908
32347,43498
32348,23833
32349,12668
32350,34528
32351,15902
32352,19564
32353,21610
32354,39386
32355,20237
32356,5472
32358,15008
32359,11336
32361,21348
32362,40104
32363,28412
32365,42513
32366,34407
32369,7366
32370,1198
32371,36523
32372,8697
32375,37210
32376,15354
32377,24358
32378,34837
32382,30732
32383,22514
32384,33320
32385,253
32386,33327
32387,28029
32388,28771
32391,39839
32392,31708
32393,38692
32394,14906
32397,1529
32399,42050
32400,36445
32401,27474
32402,27538
32403,5081
32404,6937
32405,2328
32406,31360
32407,1330
32408,13129
32410,23579
32411,30413
32414,24994
32415,4384
32416,43043
32417,21625
32418,9807
32419,18407
32420,38460
32422,27255
32423,14648
32424,14182
32426,40903
32427,38712
32428,40969
32429,32107
32430,27239
32431,20662
32433,36768
32434,16084
32436,26455
32438,27413
32441,32348
32442,669
32443,12603
32444,9677
32445,26760
32446,37305
32454,31532
32457,29930
32458,18780
32461,28817
32462,16386
32463,37878
32464,35491
32465,31385
32466,15547
32468,4515
32469,2878
32470,20014
32471,11361
32472,8733
32474,43197
32475,4822
32476,18033
32477,18711
32478,22793
32479,21606
32480,39334
32481,41150
32482,392
32484,27714
32487,2187
32488,43338
32489,32190
32490,22410
32491,43783
32492,30319
32493,21757
32494,44645
32496,38366
32497,11436
32498,21073
32500,3865
32501,27906
32505,15781
32506,20149
32507,42104
32508,3476
32509,17581
32515,15324
32516,15993
32518,23520
32519,12584
32520,23830
32522,15446
32523,16186
32524,27890
32526,11897
32527,19590
32530,29474
32531,24814
32532,22851
32533,5240
32534,2929
32535,17407
32536,3783
32537,25860
32538,30042
32540,13264
32542,6659
32543,27051
32546,1301
32547,20818
32548,21731
32549,28956
32550,20907
32553,20409
32554,37597
32556,16457
32558,746
32559,27816
32560,19219
32562,23581
32563,32225
32564,36535
32565,28727
32567,44179
32571,4224
32572,15083
32573,3977
32574,12645
32575,26847
32576,8754
32578,25985
32580,31525
32582,44719
32583,17154
32584,6283
32585,38384
32586,26657
32590,26647
32591,20688
32592,13407
32593,30216
32595,38027
32596,1572
32597,22383
32598,95
32600,19245
32601,31297
32602,15822
32606,36494
32607,808
32608,25640
32609,35003
32611,20092
32614,39147
32615,13264
32616,44622
32617,26168
32618,34182
32619,41089
32620,6150
32623,2701
32628,38798
32629,37380
32630,44535
32632,41959
32635,17861
32636,1675
32637,4010
32638,35593
32642,30359
32644,20286
32645,7382
32646,1007
32652,25949
32653,8713
32654,25557
32655,19277
32656,25927
32657,30042
32662,10406
32663,30257
32665,7536
32666,43241
32668,8471
32670,29595
32671,22589
32674,35696
32679,16677
32680,17925
32681,10803
32685,41216
32686,6335
32687,17705
32688,24273
32692,21280
32695,7663
32696,38105
32697,772
32698,10225
32699,17626
32701,34357
32702,3275
32703,30816
32704,15382
32706,4140
32707,22743
32708,11272
32710,17170
32712,17012
32713,15496
32714,5166
32715,29844
32717,19810
32719,30079
32723,22268
32725,23518
32728,7193
32729,26216
32732,17364
32734,35060
32735,24133
32738,22453
32739,28497
32740,17582
32741,16301
32742,5941
32743,33100
32744,3049
32745,10799
32746,44186
32747,28983
32748,29343
32749,26314
32750,28915
32751,26511
32752,27077
32753,32891
32754,28925
32755,2744
32756,24030
32757,26359
32761,34040
32763,41238
32769,23178
32770,19446
32773,14690
32777,33344
32779,2737
32780,12160
32781,37129
32784,28544
32786,2175
32788,20105
32789,35455
32792,8610
32794,20799
32796,425
32798,20092
32801,18182
32802,18614
32803,11359
32804,17786
32805,3882
32807,40069
32808,36225
32812,23903
32816,34495
32817,26134
32819,19684
32822,7681
32824,13420
32827,33739
32833,31472
32834,17425
32835,7628
32836,5433
32837,27216
32838,35954
32839,953
32841,4163
32842,23689
32843,29903
32847,38014
32848,19815
32853,43610
32854,4310
32855,24528
32856,10424
32857,20907
32858,10834
32859,27619
32860,5431
32861,6316
32862,7168
32864,15599
32869,28855
32870,42520
32871,6048
32874,42850
32878,37081
32880,22859
32882,19662
32883,28858
32884,22204
32886,44033
32888,31591
32889,37297
32890,6632
32891,31260
32892,41749
32896,12738
32897,12524
32898,16848
32900,23168
32902,31098
32904,15441
32906,32009
32908,27551
32909,37623
32911,6341
32912,7597
32914,41208
32915,23517
32916,33256
32917,15229
32918,40882
32919,31990
32921,2843
32922,11711
32925,30044
32926,43825
32929,7070
32930,26743
32931,10255
32932,7926
32935,37586
32936,7378
32938,26727
32940,36986
32941,12642
32942,18021
32943,26407
32944,41611
32946,26234
32948,4724
32949,35377
32950,43786
32951,29175
32952,9550
32954,27067
32957,31295
32958,11791
32959,39620
32960,8665
32963,7438
32964,3552
32966,18396
32967,40268
32969,39864
32971,20524
32972,13394
32973,10097
32975,26200
32976,35056
32978,19237
32979,26053
32980,21121
32981,3002
32982,29421
32983,23893
32984,17728
32985,28387
32989,15027
32991,5601
32992,39654
32993,3858
32994,38687
32996,31366
32997,15551
32998,9544
32999,19146
33001,7309
33002,16731
33003,41111
33004,32972
33008,7194
33011,24787
33012,38386
33013,30064
33014,2230
33015,24724
33016,4985
33017,20935
33018,17472
33020,13241
33024,41087
33026,34456
33028,5511
33029,12509
33030,43980
33032,1788
33033,42132
33034,35511
33036,5114
33038,13995
33039,11805
33040,44453
33041,9095
33042,44025
33044,6507
33045,31196
33048,41378
33049,35962
33050,29672
33052,32847
33053,1926
33055,4620
33056,9825
33057,6394
33059,27468
33060,21653
33063,2663
33064,37297
33065,32345
33066,27388
33067,30780
33068,34477
33069,40873
33070,37281
33071,27901
33072,24891
33073,157
33074,1402
33075,29966
33077,30435
33078,12622
33081,2197
33082,2300
33085,2247
33092,28544
33097,22823
33099,5137
33100,39324
33101,37826
33103,10228
33104,36935
33105,1288
33106,14001
33109,26175
33110,4512
33111,5156
33112,17648
33113,26364
33114,13054
33116,1270
33117,29398
33118,7432
33119,41064
33121,34191
33123,16988
33124,27237
33127,32256
33132,24989
33135,13389
33136,4471
33138,40381
33139,33196
33141,28012
33142,19171
33144,3728
33145,9002
33146,24952
33147,9053
33151,33251
33152,20820
33153,8534
33154,23615
33155,43869
33157,35034
33159,14386
33160,1792
33161,8929
33162,30525
33166,32215
33167,36479
33169,9494
33170,22417
33172,22410
33173,11945
33174,21414
33175,2423
33176,40974
33178,13300
33179,20158
33181,29596
33183,10124
33185,25121
33188,15579
33190,772
33191,38339
33192,40260
33193,34477
33194,16900
33195,13604
33196,31172
33198,10389
33199,25475
33201,31290
33202,3533
33203,38692
33204,36419
33207,40703
33208,44466
33209,4897
33210,27863
33211,34525
33213,44394
33214,29615
33217,8089
33218,33173
33219,36170
33220,11603
33221,30852
33223,27191
33224,35381
33225,18530
33227,26322
33228,13799
33229,921
33231,4203
33232,4432
33233,32441
33234,27556
33235,277
33236,32780
33237,5192
33240,5975
33243,26529
33244,24998
33245,26658
33246,25050
33249,25515
33250,15470
33251,30737
33252,3171
33254,28107
33256,5547
33257,23384
33258,24529
33261,6600
33262,2443
33263,4475
33268,20462
33269,27689
33272,39309
33276,1482
33277,24661
33279,30953
33284,41802
33285,21191
33286,16152
33288,1965
33289,17485
33291,6141
33293,2772
33294,35259
33295,2057
33296,21478
33297,301
33298,10430
33299,19253
33300,22213
33302,35076
33303,40447
33304,11346
33305,26613
33306,33704
33309,363
33310,9007
33312,21472
33315,20349
33316,14789
33318,24698
33320,25739
33321,1416
33322,24302
33323,27723
33324,40112
33326,14840
33327,35838
33328,24904
33331,39447
33333,12780
33335,7762
33339,19354
33341,753
33342,41039
33343,4631
33344,1247
33345,16971
33346,17103
33347,5163
33349,24496
33351,34418
33352,41400
33353,43812
33357,21140
33358,21882
33360,7509
33361,33467
33363,15888
33365,26743
33366,26453
33367,10335
33369,30122
33370,4898
33371,40111
33372,41861
33374,29077
33377,24920
33378,36420
33379,7188
33380,28260
33383,17168
33384,14258
33385,674
33386,16578
33388,4248
33389,31718
33390,8160
33393,32522
33395,39551
33398,36049
33400,13658
33401,40743
33402,36378
33403,24318
33404,42828
33405,9302
33408,13263
33410,25315
33412,5923
33413,7548
33415,10878
33416,859
33418,18035
33419,22450
33420,25542
33421,9668
33423,6530
33424,22581
33425,8589
33426,40167
33429,6682
33430,13064
33432,23651
33433,30607
33439,39148
33440,16580
33442,20821
33446,22248
33449,29396
33450,4321
33453,38472
33455,24967
33457,20950
33458,9566
33459,37374
33460,10591
33461,22883
33466,37273
33467,34508
33470,18908
33474,2104
33476,8699
33478,4055
33481,7118
33482,40766
33484,35851
33486,28185
33487,15973
33488,23510
33489,44066
33492,24889
33493,953
33494,1487
33496,28595
33497,27058
33498,8721
33503,44346
33506,40763
33511,12969
33513,39857
33514,3562
33515,30610
33516,7764
33517,40291
33518,21691
33519,36303
33520,40683
33524,20460
33525,13579
33530,43116
33533,8597
33534,12396
33536,39353
33537,15190
33540,20090
33541,25986
33542,30413
33543,36432
33544,43612
33549,37576
33550,24231
33551,10805
33552,16052
33553,20014
33554,30397
33556,26770
33557,43987
33559,20143
33562,2652
33563,10597
33564,4023
33565,39771
33567,10171
33571,31778
33572,44546
33573,29689
33576,13463
33577,428
33580,3325
33581,21188
33583,23688
33585,43822
33587,27259
33589,15103
33591,11460
33592,16727
33593,17352
33594,13164
33595,1892
33596,16578
33597,35961
33599,1792
33601,4989
33602,42658
33603,37043
33604,16218
33605,17795
33606,33119
33608,30542
33609,8899
33611,34820
33612,1683
33613,12875
33616,1559
33617,13858
33618,37822
33620,22480
33621,31061
33622,32319
33625,7565
33626,41691
33627,12715
33628,5706
33629,23358
33630,22892
33632,7319
33633,27862
33634,2496
33635,31105
33636,5911
33637,27605
33638,34060
33640,29968
33642,32549
33643,33453
33644,9878
33645,8688
33646,35010
33647,4475
33648,24231
33650,35991
33651,26739
33652,7483
33653,22099
33654,23930
33656,30130
33657,16183
33658,42987
33659,28185
33660,42011
33661,11339
33663,39555
33664,39624
33666,28278
33668,29995
33669,11746
33670,32429
33671,35137
33674,25888
33676,37652
33680,9008
33686,38747
33689,20224
33690,37176
33695,30873
33696,39792
33697,22004
33700,28900
33701,33873
33702,34734
33704,6709
33705,38008
33708,26285
33709,5003
33710,20293
33711,18050
33712,30804
33713,7563
33714,7783
33715,40601
33719,25195
33720,17301
33722,30864
33724,40907
33725,17887
33727,7976
33728,12752
33729,23135
33730,32861
33731,17247
33734,1204
33735,4507
33739,10676
33744,2527
33756,1018
33757,3071
33760,34884
33763,17867
33766,9228
33771,15232
33774,32060
33775,29563
33776,24334
33777,5697
33778,23064
33781,17864
33783,22970
33784,20682
33786,15747
33791,6085
33792,41236
33793,43537
33794,29541
33799,32497
33800,30361
33801,15063
33802,12172
33803,33831
33804,5032
33805,3317
33807,4364
33808,19696
33809,44641
33810,41771
33811,26436
33812,22436
33813,5616
33814,7075
33815,31970
33816,19645
33818,31188
33819,42113
33820,23799
33822,39446
33823,13648
33825,7999
33827,2529
33830,39455
33831,25756
33836,25305
33838,19358
33839,27481
33840,20161
33841,12850
33842,27962
33844,22086
33845,15328
33847,12248
33848,22396
33850,19855
33851,8016
33853,20035
33854,10833
33858,16657
33859,1634
33861,29603
33862,14873
33865,44020
33866,41650
33867,6732
33868,41700
33871,29497
33873,24038
33875,35485
33876,31333
33878,29428
33879,42331
33880,2452
33881,5813
33882,37669
33883,11022
33884,34990
33885,43771
33886,24817
33887,36757
33888,42848
33889,4775
33890,33068
33891,15310
33893,18337
33894,13604
33895,2380
33896,2913
33897,8361
33898,29709
33901,41389
33902,19411
33903,44524
33907,41948
33908,8787
33909,761
33911,32839
33912,35379
33914,37789
33918,13038
33919,34376
33924,4880
33928,5615
33933,29560
33937,43535
33938,42084
33939,3471
33942,11055
33943,13190
33945,26662
33950,25228
33951,28336
33954,401
33956,10550
33957,22957
33959,10818
33961,30050
33962,44637
33964,32028
33966,35819
33971,19028
33974,14410
33976,10391
33980,23880
33981,16345
33983,2563
33984,28595
33986,18392
33989,21883
33995,41205
33996,38335
33997,35497
34000,41604
34010,17603
34013,11963
34015,4366
34016,33966
34017,1993
34018,11298
34023,31062
34029,295
34032,3480
34035,23188
34037,1883
34040,13857
34042,23939
34044,43580
34045,12622
34049,24659
34052,40156
34053,15057
34055,34619
34056,5195
34057,21747
34058,27076
34060,7648
34062,39867
34064,28222
34065,15951
34066,3856
34067,3675
34069,42538
34070,22323
34072,21371
34073,23587
34074,1649
34075,17401
34076,25882
34080,336
34082,41400
34083,33039
34086,38088
34088,41231
34089,21951
34090,34193
34094,5410
34095,36787
34096,4929
34097,43834
34098,3546
34099,32929
34100,18048
34101,25472
34103,24946
34104,14603
34105,41226
34106,30397
34108,30090
34111,10021
34112,20654
34113,9344
34114,8771
34115,13065
34116,6697
34118,24749
34120,2640
34122,7319
34125,27091
34126,5892
34127,20437
34128,29772
34129,29104
34130,25267
34131,38754
34134,5510
34136,23309
34137,2086
34138,32305
34141,878
34142,9139
34143,17868
34147,12013
34148,21054
34149,28344
34151,42387
34152,4024
34158,1542
34162,5653
34165,37211
34166,16669
34167,9628
34168,18676
34169,14991
34175,27611
34179,19415
34182,43241
34183,41702
34186,20835
34188,6805
34189,27945
34190,31071
34191,27250
34192,29760
34193,24712
34194,14906
34195,27202
34196,38938
34197,19715
34200,9263
34201,41198
34203,44291
34205,44306
34206,7740
34207,20799
34208,26906
34209,23930
34210,27581
34211,15955
34212,43323
34213,7098
34214,8309
34216,43703
34217,22398
34218,24211
34221,40096
34223,29961
34224,39845
34225,39797
34226,30140
34228,38461
34229,12041
34231,13198
34232,19834
34233,11638
34235,9682
34236,35606
34239,29431
34241,18466
34245,10054
34246,38299
34247,7824
34249,7092
34250,24109
34251,7221
34252,35474
34253,10743
34254,29378
34255,30869
34257,6255
34258,8599
34259,27021
34261,41096
34263,34226
34264,42566
34266,25194
34269,4850
34270,10669
34272,27798
34274,20004
34275,1292
34277,16335
34280,31261
34281,23509
34283,33646
34285,44176
34286,19929
34288,5795
34289,20541
34290,13664
34294,29840
34296,175
34298,15742
34301,22106
34302,41917
34303,22100
34304,28962
34305,26669
34306,7681
34307,27266
34308,19038
34309,17031
34311,19268
34312,16130
34313,5434
34314,20010
34316,37538
34319,40047
34320,43347
34321,36163
34322,18503
34323,6016
34324,23155
34325,31727
34327,7766
34329,43295
34331,8923
34332,25684
34334,22358
34335,30600
34336,30447
34337,32784
34338,34667
34339,36293
34341,16522
34342,13453
34343,39275
34345,41576
34346,21196
34347,4655
34348,9546
34351,21814
34353,2632
34354,35778
34357,6606
34359,38739
34360,37317
34361,32462
34364,34600
34365,43775
34366,15998
34367,26487
34368,19166
34371,17742
34372,23373
34373,21012
34375,27453
34376,11852
34377,24576
34385,39151
34387,11127
34394,37677
34395,5524
34396,22728
34400,3287
34401,15674
34402,20108
34405,22430
34406,32681
34407,33457
34408,38190
34409,25548
34411,30721
34412,23880
34413,30877
34414,37711
34416,24826
34417,20989
34418,30108
34419,12472
34421,27009
34423,16184
34428,21068
34429,15102
34430,26627
34433,4153
34434,7491
34435,9095
34437,33400
34438,33221
34439,10670
34440,1703
34441,7116
34442,12945
34443,36098
34444,44367
34445,6055
34446,11841
34447,35081
34448,33236
34449,44022
34450,8118
34451,1383
34453,41687
34455,305
34456,11200
34457,9490
34463,26175
34464,20293
34469,12518
34470,28263
34471,31229
34472,23583
34473,17947
34474,34463
34477,31333
34478,38221
34479,29542
34481,7097
34482,42132
34484,4136
34485,10748
34488,41322
34490,28663
34493,21370
34495,24503
34497,16461
34498,36224
34499,20094
34500,43659
34501,3071
34502,15439
34503,28702
34504,22136
34505,22608
34506,29851
34507,9790
34508,40146
34509,14991
34512,42203
34514,44603
34517,1928
34520,19279
34521,5751
34522,1421
34523,4794
34525,28747
34526,2803
34528,13592
34530,28377
34531,182
34532,24812
34535,38269
34536,41524
34538,10849
34540,27148
34543,29754
34544,5322
34548,14092
34550,11864
34551,35167
34552,21512
34554,25416
34555,42802
34556,29672
34560,38006
34561,11768
34562,12511
34563,44005
34564,31827
34566,19945
34567,7841
34568,15002
34569,30301
34570,24754
34571,8325
34575,20832
34576,22508
34577,31130
34579,42684
34580,9655
34581,24619
34582,32755
34584,10206
34585,28772
34587,7666
34592,32554
34593,40670
34594,20185
34596,18908
34597,38055
34599,23802
34600,31193
34602,2983
34603,28340
34605,130
34606,25700
34607,11112
34608,43775
34609,23857
34610,2474
34611,16638
34612,2836
34613,25368
34614,2697
34615,5953
34616,44119
34618,2564
34619,15748
34620,16963
34621,213
34623,3012
34624,32342
34625,24471
34626,39471
34629,37716
34633,10260
34634,8535
34635,22271
34640,37344
34641,18484
34642,5131
34643,33695
34645,35753
34647,13238
34648,19183
34650,33208
34651,9107
34652,44710
34653,13834
34654,21564
34656,44368
34658,1391
34659,25012
34661,5056
34663,14936
34664,24914
34665,7010
34666,16730
34667,18081
34668,37922
34669,35004
34670,25291
34671,21507
34672,25504
34673,35023
34674,22179
34675,7999
34676,13464
34677,30164
34678,37949
34679,41707
34680,6775
34683,22105
34684,10763
34686,3616
34687,2472
34688,20453
34689,2860
34690,20007
34693,36387
34694,43986
34695,28989
34696,4236
34697,1357
34698,17102
34702,23124
34703,2335
34704,35167
34707,25239
34709,33316
34712,23491
34715,2728
34719,33809
34720,29274
34722,25754
34724,30421
34726,26741
34727,11562
34728,8016
34730,41113
34731,18046
34732,8973
34733,27963
34734,8686
34735,31988
34736,36830
34745,33783
34746,38199
34747,33516
34749,11319
34750,32619
34752,9018
34753,34562
34755,12007
34760,2892
34765,9479
34769,22738
34770,10612
34774,14828
34775,18531
34776,35566
34778,41436
34779,1765
34780,1892
34782,43460
34783,22857
34785,26148
34786,41082
34788,21208
34789,41950
34790,33567
34794,10965
34796,41899
34797,8062
34799,1877
34801,8309
34802,38335
34804,656
34805,5867
34806,38181
34807,44436
34809,32126
34811,29537
34812,28520
34814,31161
34815,1693
34816,30841
34818,18096
34819,5245
34820,23898
34822,2160
34824,44731
34827,2529
34828,30355
34830,13231
34832,25660
34834,16806
34836,13884
34837,38761
34838,6342
34840,24742
34841,11310
34845,35603
34851,5454
34857,38352
34859,42604
34860,5956
34862,34983
34863,651
34864,20810
34865,38899
34866,13248
34867,7595
34868,3443
34869,43359
34870,34514
34872,5732
34873,36358
34874,16808
34876,28177
34880,32833
34881,24084
34884,44058
34887,3670
34892,28407
34893,23946
34897,2000
34898,1660
34900,11629
34901,27303
34906,16854
34908,26527
34909,14802
34916,13982
34917,17599
34918,8560
34920,8234
34925,31532
34926,9693
34927,44418
34928,36149
34929,37465
34932,22779
34933,3145
34936,42672
34937,29778
34938,26113
34941,22160
34943,24822
34944,21225
34949,28030
34950,4120
34951,14844
34954,22072
34959,19987
34960,27792
34961,1389
34962,39090
34963,20457
34965,34943
34967,15415
34970,42433
34973,28881
34974,23651
34975,43434
34977,2975
34980,24823
34983,236
34985,3770
34986,26872
34987,24203
34989,35966
34990,29290
34992,18430
34993,3031
34994,24299
34996,19975
34999,35703
35000,23107
35001,9576
35002,22236
35003,8212
35004,41131
35005,18322
35006,39799
35007,1061
35008,8133
35009,18861
35010,33875
35012,19344
35013,22771
35014,17244
35016,18842
35017,1765
35018,27623
35019,40688
35020,40278
35022,29230
35023,17944
35025,32592
35027,12400
35031,19040
35034,870
35039,2242
35040,13605
35043,7165
35045,30417
35047,44614
35048,23572
35049,43946
35050,35128
35055,10533
35056,23369
35058,23039
35060,30190
35062,33670
35073,22069
35075,36277
35076,22508
35077,2524
35079,26528
35080,6835
35081,1683
35083,3558
35085,114
35086,28736
35087,33858
35089,13604
35091,44681
35092,10067
35093,8915
35094,21130
35101,20571
35104,38729
35106,3550
35107,2892
35109,875
35116,25040
35120,7898
35121,23958
35122,41691
35123,30683
35124,17244
35125,20861
35126,11443
35127,16872
35128,4120
35130,13589
35133,14352
35137,20600
35138,27077
35139,9790
35143,23120
35144,21239
35145,20580
35146,11686
35148,10476
35149,32309
35150,36480
35151,19504
35153,22050
35154,44368
35156,14913
35157,16669
35159,12942
35160,15530
35161,7120
35162,19264
35163,36479
35164,1793
35165,5858
35166,8027
35167,10459
35168,3420
35172,6935
35174,15679
35175,17645
35176,13566
35177,12580
35180,11671
35181,12485
35185,16119
35186,7777
35188,37417
35189,7138
35190,35243
35193,12183
35194,39255
35199,42353
35200,43992
35203,37483
35204,36617
35205,30993
35206,1561
35207,8435
35208,35957
35209,13070
35211,36442
35212,8602
35214,35369
35215,32788
35218,23191
35220,36212
35222,7089
35223,35712
35224,5473
35227,33078
35228,6289
35231,1099
35232,27387
35233,22062
35235,16085
35236,26749
35237,37355
35238,5059
35240,40667
35241,211
35242,15115
35243,4832
35244,19781
35247,5924
35251,34323
35253,42425
35254,43580
35255,21767
35259,14076
35260,23051
35262,25025
35263,33816
35266,32803
35270,6279
35271,36077
35273,13634
35274,39923
35275,40456
35276,14352
35277,12307
35278,30305
35281,41620
35282,5388
35292,32979
35297,30490
35301,15490
35302,14533
35305,10787
35306,10138
35308,10875
35313,18971
35316,37254
35320,26616
35322,36678
35323,34341
35324,14963
35327,27975
35328,21072
35330,7853
35331,35934
35333,17227
35334,28843
35335,26808
35337,42282
35341,2843
35345,27620
35349,5
35350,33559
35352,8146
35353,44470
35354,6741
35359,5717
35360,3561
35361,6442
35363,34303
35365,40563
35368,41514
35369,23094
35370,26159
35373,4951
35375,10711
35377,39639
35379,8715
35380,23524
35381,23215
35382,18648
35383,9809
35384,19967
35386,22567
35390,13544
35391,20039
35392,22189
35393,11528
35395,32206
35396,30831
35398,44052
35400,23671
35401,8716
35404,25221
35407,20580
35409,10198
35410,27623
35413,8602
35414,19533
35415,43313
35416,25911
35418,40
35421,34168
35424,17333
35426,15964
35427,33811
35430,4027
35431,16651
35433,17172
35434,5012
35435,43418
35436,43153
35437,17828
35438,28505
35439,589
35440,37336
35441,38268
35442,33183
35445,9854
35446,26872
35447,22796
35448,6008
35449,41519
35451,28551
35452,29521
35454,35680
35455,743
35456,4779
35457,22044
35458,24460
35459,25030
35464,20421
35465,34453
35466,18339
35468,25306
35470,21133
35471,27322
35472,6075
35473,30213
35474,25521
35476,40104
35477,41663
35478,7279
35479,11014
35480,16485
35481,37238
35483,30971
35484,18617
35485,27128
35486,25320
35487,5556
35488,17610
35489,9415
35490,35523
35491,145
35493,12340
35495,30818
35496,36318
35497,41433
35498,5990
35500,35380
35501,7841
35502,33026
35503,28885
35504,28596
35505,38660
35506,26023
35507,23720
35508,11654
35509,35583
35510,9576
35511,4659
35512,30634
35515,32611
35516,7880
35517,25809
35518,7039
35519,37910
35520,27784
35521,9116
35522,11200
35523,18090
35524,20818
35525,23345
35527,24894
35529,5281
35530,1001
35533,39842
35535,33938
35536,7672
35538,29691
35539,15524
35540,32313
35543,13857
35544,32272
35545,33484
35546,7130
35548,39392
35549,42324
35550,8751
35553,21323
35554,15480
35555,7035
35556,29964
35557,6518
35559,26669
35560,10915
35563,14494
35564,17596
35565,20935
35566,5384
35567,24537
35568,21896
35569,10246
35571,43448
35572,25878
35573,56
35574,35128
35575,41168
35576,27496
35577,9059
35578,26226
35581,25138
35582,19712
35583,12794
35585,13017
35589,32940
35590,23835
35591,15530
35592,9675
35593,21872
35594,25983
35596,13579
35597,28817
35598,11267
35599,17675
35600,47
35601,23583
35602,15802
35603,298
35604,14505
35606,43834
35607,19468
35610,3431
35611,37389
35612,22527
35613,909
35614,20423
35615,8466
35616,43292
35617,29711
35619,15783
35620,25700
35621,19545
35622,26029
35623,7940
35624,8082
35627,18827
35630,23847
35633,38627
35635,3109
35637,35834
35639,24367
35640,4746
35643,29135
35644,12507
35645,2845
35646,24446
35647,23899
35648,38195
35650,42999
35652,4931
35654,42047
35655,8017
35657,29693
35660,40098
35661,7703
35662,32600
35663,35724
35664,23932
35665,33288
35668,1022
35670,18517
35671,30555
35673,13837
35674,9733
35676,21607
35677,34594
35678,25056
35679,2564
35680,41209
35683,32564
35686,6556
35689,27028
35690,37131
35691,42437
35692,41435
35693,26751
35694,44635
35696,40068
35699,2214
35700,13178
35701,18894
35703,33518
35704,13549
35705,30877
35707,23975
35708,13058
35709,33956
35710,3879
35711,17080
35712,13708
35713,33939
35714,2713
35716,33514
35722,17650
35723,27280
35724,13519
35727,14041
35728,35153
35729,9541
35730,24455
35732,7628
35735,23924
35738,19759
35740,13252
35742,24882
35743,12865
35744,28168
35745,43153
35746,12778
35748,25516
35749,11055
35750,14370
35751,4928
35752,25261
35753,23429
35756,35045
35757,31479
35758,3765
35762,3669
35763,11151
35768,12353
35769,270
35770,29810
35771,35889
35775,24299
35776,7330
35778,15176
35780,19352
35782,12541
35784,22511
35787,24583
35791,10246
35792,7850
35793,38054
35794,30059
35796,5050
35797,38854
35799,21242
35801,9053
35802,32203
35804,968
35805,1789
35807,26746
35808,5370
35811,25316
35812,32358
35816,13741
35818,40916
35819,5060
35822,42789
35823,18447
35824,40873
35826,40874
35827,17747
35828,9837
35829,11391
35830,21332
35831,41702
35832,34734
35834,15957
35835,42938
35838,16683
35839,11349
35842,41888
35843,33446
35844,33939
35845,34371
35850,41988
35851,11623
35854,39083
35855,25522
35859,6751
35861,2680
35862,16956
35863,27031
35864,5974
35865,42540
35866,34368
35868,28296
35869,22019
35870,24416
35871,23617
35872,40303
35873,36746
35874,4964
35875,24799
35876,21199
35877,28055
35880,15037
35884,17827
35887,27204
35888,32046
35889,24655
35892,18339
35893,5722
35894,15613
35895,42437
35898,11841
35900,17812
35901,1595
35902,19624
35903,14092
35904,42910
35905,9765
35906,13105
35907,35583
35912,12182
35914,31159
35917,38105
35918,31448
35921,16703
35922,38574
35924,44405
35926,24208
35927,38120
35928,32020
35930,27217
35932,18765
35934,21426
35936,12471
35938,36159
35939,7152
35940,15123
35941,25033
35942,21259
35944,19040
35946,11905
35950,24739
35951,18892
35952,24195
35953,3819
35954,1248
35955,41685
35956,38949
35957,29758
35958,8968
35960,7800
35961,15430
35962,29099
35966,34860
35967,17467
35973,24942
35983,27521
35991,38612
36000,1488
36004,17571
36007,17345
36008,12612
36011,44220
36012,13200
36013,36865
36015,4686
36018,30562
36021,38606
36026,1491
36027,2701
36029,6572
36030,16674
36035,3514
36037,39524
36039,4196
36041,3723
36043,4496
36046,11776
36049,16351
36050,32808
36054,33537
36057,3058
36058,24069
36060,35926
36062,1402
36063,23969
36068,38735
36070,22790
36072,21085
36074,34472
36076,32546
36077,20052
36080,25010
36082,13803
36084,36399
36085,20226
36086,6977
36088,30663
36089,8983
36091,16571
36092,37852
36094,35214
36095,24313
36096,19226
36097,35593
36098,6168
36099,3002
36100,39683
36101,18411
36103,34434
36107,14751
36109,15193
36111,5373
36112,35172
36113,39768
36114,844
36115,362
36117,27151
36118,35832
36122,19072
36123,370
36125,6406
36126,18476
36128,614
36132,24754
36133,23319
36135,35635
36140,7900
36142,39276
36146,4890
36148,41550
36149,17791
36150,31260
36151,30540
36154,16644
36155,15067
36156,6309
36157,31777
36158,16119
36159,1878
36160,36698
36161,41227
36162,17641
36163,23029
36164,18071
36168,5962
36169,44057
36170,29224
36173,43700
36177,14798
36178,41067
36179,21916
36180,6839
36183,13184
36184,15883
36185,12672
36186,7644
36187,1554
36188,19866
36190,19771
36192,23735
36194,9918
36196,32481
36197,42651
36198,16774
36199,34724
36201,26683
36202,1170
36204,25885
36206,31231
36208,29103
36210,33942
36212,30321
36213,16057
36216,8552
36218,26893
36219,21563
36221,43508
36222,19722
36224,2188
36225,28590
36233,40659
36234,16982
36238,7341
36239,6706
36242,34585
36243,10755
36244,20790
36247,10856
36248,28498
36249,43343
36250,5764
36252,6032
36260,27866
36266,9670
36273,12384
36277,7564
36280,36527
36281,6797
36282,15499
36283,9380
36284,38318
36285,7262
36286,5391
36288,29826
36290,43680
36292,30958
36293,32652
36294,21237
36296,33052
36298,44440
36302,30719
36303,40394
36305,25056
36307,16050
36310,41682
36311,23968
36313,2369
36314,7003
36315,25064
36316,34941
36317,8774
36318,17591
36320,27195
36321,1165
36323,37923
36325,19872
36326,6060
36327,7084
36328,28911
36331,29105
36332,9664
36334,4483
36336,29113
36337,12919
36338,20461
36339,32366
36340,35516
36341,31502
36343,13944
36344,26850
36345,25550
36347,2869
36349,40045
36358,41814
36359,25731
36360,26119
36361,39849
36364,5129
36366,6547
36367,15079
36368,1394
36369,27538
36370,7852
36373,309
36374,24789
36376,8678
36377,4290
36378,30910
36380,3260
36381,29132
36382,8762
36383,5300
36387,3794
36389,24370
36399,13409
36404,24152
36405,7366
36407,4751
36409,31065
36412,37844
36413,12974
36415,5665
36417,28703
36419,38047
36420,31225
36421,4198
36432,9792
36441,31901
36442,29032
36443,40399
36444,4576
36445,40480
36446,38680
36448,21890
36449,28104
36451,18526
36453,23517
36454,16677
36455,16889
36457,13058
36458,20309
36459,16144
36460,12479
36461,13352
36462,34130
36463,37604
36464,25526
36465,25331
36466,11122
36467,17060
36468,20239
36469,389
36470,34127
36471,17776
36472,44121
36473,31695
36474,15560
36476,39679
36477,12864
36478,33564
36479,10738
36480,41592
36482,32777
36485,3858
36488,27580
36489,11337
36490,40545
36491,517
36492,16470
36493,12217
36494,31526
36495,32509
36498,11324
36499,16961
36500,5016
36501,27017
36502,35391
36511,39628
36514,12212
36518,6935
36519,7592
36520,3990
36521,14245
36522,13660
36523,35233
36524,11139
36525,2638
36526,43026
36527,29798
36529,35079
36531,12104
36533,35811
36534,20740
36535,34498
36536,27582
36537,7335
36538,42709
36540,29359
36541,27843
36542,8210
36543,16868
36545,10974
36546,41702
36547,2973
36548,28003
36549,13055
36551,26767
36552,12643
36553,32862
36554,22675
36559,44505
36562,41929
36565,15719
36566,28424
36567,12259
36569,42541
36570,7963
36573,6643
36576,40705
36578,20369
36581,22407
36582,28299
36584,24940
36593,22406
36594,22096
36602,1495
36603,37457
36604,4301
36605,43141
36606,31601
36608,13431
36609,40287
36610,20208
36611,11084
36614,41292
36615,22268
36617,31541
36619,33630
36621,41815
36622,19235
36625,1205
36626,14008
36628,30380
36629,6143
36630,30024
36631,31815
36632,293
36634,26270
36635,27056
36637,20482
36638,31400
36639,30651
36641,16323
36645,21784
36646,16356
36647,12195
36648,30780
36649,5349
36651,21437
36652,26847
36653,32000
36654,14236
36656,36653
36657,8771
36661,28687
36664,171
36665,2383
36667,23860
36671,27439
36672,38076
36673,14563
36674,16759
36676,37185
36678,1726
36684,11771
36686,26756
36696,17014
36698,8527
36701,10923
36705,23648
36707,28519
36711,16359
36712,14948
36715,11824
36716,2606
36721,31715
36722,43842
36724,37835
36725,32869
36733,22835
36734,33252
36737,22875
36738,43338
36742,22161
36744,35413
36746,35816
36747,35622
36748,7538
36750,7649
36756,43049
36757,44581
36758,42411
36761,17107
36764,38842
36766,10726
36767,20129
36768,21789
36772,3615
36773,23617
36777,10919
36779,39932
36780,30486
36781,6649
36782,29465
36784,39849
36785,33951
36786,43855
36787,31618
36788,31534
36789,32992
36791,27127
36792,17915
36795,36994
36797,28609
36798,3344
36801,20093
36802,36471
36803,36381
36804,4650
36805,43568
36806,37418
36807,37235
36808,27865
36813,27362
36816,28044
36817,15708
36818,41706
36819,44039
36820,25616
36821,6423
36823,28269
36826,11843
36827,22137
36829,5918
36830,40879
36831,44078
36832,27443
36835,44670
36837,17565
36839,25227
36840,44587
36841,30074
36842,14798
36843,22137
36844,38745
36845,11450
36846,26298
36847,6280
36849,38
36850,38054
36851,36798
36853,8789
36854,33891
36857,13620
36858,20012
36860,32149
36863,26290
36865,30708
36866,7622
36868,1542
36869,5921
36872,21304
36873,18115
36875,20258
36879,31747
36880,17351
36883,3990
36884,24954
36885,18176
36887,24276
36888,32382
36889,43609
36890,4410
36891,21828
36892,16610
36897,41929
36898,6644
36899,7844
36903,31178
36904,7840
36906,33924
36907,17692
36910,2159
36911,27197
36912,15110
36914,40550
36915,13478
36918,12058
36921,25507
36922,39859
36924,23680
36927,14533
36928,27883
36929,2516
36930,2566
36932,34097
36935,25328
36936,3759
36939,3610
36940,7801
36942,11399
36943,5437
36949,43871
36954,7223
36957,39680
36959,11150
36960,31327
36967,25744
36968,7064
36969,11823
36972,6467
36973,12784
36974,29308
36975,21409
36982,35075
36984,2825
36985,36076
36986,12988
36989,13315
36993,5716
36994,31359
36996,15175
36998,16238
36999,8191
37000,9555
37001,43985
37003,25624
37005,10353
37006,33571
37010,25748
37018,6390
37020,26086
37021,35599
37022,44212
37023,4337
37025,11035
37026,30353
37027,8509
37029,24220
37031,6291
37032,44216
37036,1067
37038,36204
37039,3763
37040,8358
37041,7398
37043,14378
37050,38741
37054,27484
37057,2903
37058,16484
37062,21927
37063,35427
37065,42399
37067,42371
37069,1036
37073,12511
37074,22580
37075,14036
37077,13908
37078,43688
37079,18934
37080,26648
37081,41745
37082,7538
37083,34463
37084,4215
37085,27451
37088,7748
37089,9487
37091,36766
37092,25659
37093,36761
37094,33580
37096,10332
37098,13525
37099,9842
37100,7826
37101,44378
37102,44196
37107,1530
37108,18892
37110,14491
37114,41703
37116,6005
37117,17277
37118,8470
37119,11287
37121,1938
37122,2840
37125,28182
37126,16941
37129,20942
37130,31749
37131,2986
37132,17663
37133,41848
37135,3765
37136,32531
37138,12652
37139,18348
37140,20970
37142,21574
37143,10482
37144,33604
37147,36780
37148,33919
37149,23078
37152,5884
37154,31570
37155,34735
37156,41272
37160,25056
37162,32107
37164,131
37169,11962
37170,34697
37172,32653
37175,19162
37176,22537
37178,13913
37179,2983
37180,12710
37181,21132
37182,37495
37183,6336
37185,14762
37186,22581
37187,5677
37190,9846
37191,29566
37192,43011
37193,30304
37194,17911
37195,27314
37196,5512
37197,17239
37198,38045
37200,22718
37202,37320
37205,3221
37206,18630
37208,2330
37209,43148
37210,12307
37211,23386
37212,42688
37215,32535
37217,19843
37220,1422
37222,29557
37224,32069
37225,28289
37228,42204
37230,18759
37231,26768
37232,18104
37234,29105
37235,26522
37236,18453
37238,39605
37241,15009
37243,16044
37244,11653
37245,12345
37246,37896
37249,28879
37250,33223
37251,33660
37254,13963
37255,33360
37257,39626
37258,25933
37262,37338
37263,8727
37267,13660
37269,44663
37270,15123
37271,15624
37272,19679
37273,5097
37275,34993
37276,38211
37277,6599
37278,2904
37279,42044
37280,41176
37281,32501
37282,43369
37283,23912
37284,14756
37285,42698
37286,40202
37289,41410
37290,9053
37291,22892
37294,12183
37297,21999
37298,3995
37300,23803
37303,25610
37304,10471
37305,43330
37307,18492
37308,17313
37309,38066
37310,23195
37311,35589
37312,29215
37314,39716
37315,589
37316,42971
37317,35489
37318,44635
37319,16710
37320,38827
37322,43092
37325,32501
37326,4811
37329,24500
37330,15023
37331,28255
37332,5667
37333,35771
37334,15795
37335,25344
37336,44736
37338,7392
37339,17591
37340,29946
37342,42612
37344,22193
37345,3899
37346,24276
37347,39923
37349,11577
37351,17492
37353,4137
37354,12205
37355,16658
37357,38629
37359,4794
37361,13056
37362,25075
37363,16738
37365,3102
37367,32688
37368,38992
37369,1554
37370,17583
37371,18094
37372,37949
37373,9690
37374,23099
37375,30914
37377,42492
37378,8577
37379,29794
37380,22141
37382,11337
37383,24446
37384,15182
37386,7758
37387,11592
37388,16633
37389,10417
37390,40520
37391,9439
37392,41562
37393,40629
37395,22806
37397,27882
37398,21021
37399,35465
37400,25011
37401,29141
37404,39022
37406,18162
37407,15953
37410,33646
37411,33059
37413,28878
37414,31882
37415,41215
37417,15385
37418,5904
37420,41710
37421,26009
37425,22955
37428,26743
37429,1616
37432,10669
37434,16649
37435,22720
37437,35850
37438,3087
37440,33544
37441,772
37442,12168
37443,11604
37444,20413
37445,6096
37446,2990
37447,11897
37449,17058
37450,39081
37452,6033
37453,26732
37454,13776
37456,24168
37457,27018
37458,37605
37460,34619
37462,4298
37464,20010
37465,14043
37466,23840
37468,20672
37469,12139
37472,42643
37473,752
37474,19592
37477,1562
37478,35946
37480,23901
37481,23952
37482,24925
37483,19015
37485,17973
37486,42107
37487,5227
37490,32611
37493,33198
37495,24330
37498,37114
37499,27820
37500,36844
37502,1988
37503,31691
37507,23099
37509,11045
37516,36111
37518,42468
37520,26704
37521,31317
37522,41193
37523,32973
37524,21638
37526,34481
37527,17771
37528,5993
37530,44307
37531,2225
37532,39934
37533,10759
37534,21435
37535,42107
37536,28372
37538,29617
37539,18387
37540,7376
37541,3650
37542,24754
37543,43572
37544,35555
37545,40229
37546,2889
37547,28586
37548,24915
37552,44071
37554,8554
37555,1180
37556,9056
37560,41985
37563,36478
37565,36170
37567,37178
37572,32320
37573,11547
37574,27001
37575,33700
37576,11256
37577,10804
37578,9013
37579,41167
37581,18065
37582,36648
37583,41447
37584,37806
37585,20962
37586,18015
37587,24272
37588,20428
37589,7459
37590,18359
37591,13835
37592,4833
37593,16578
37594,3344
37595,8577
37597,14245
37601,25465
37602,20578
37603,25457
37604,32842
37605,22661
37606,30869
37607,29099
37609,15951
37610,10114
37611,4381
37613,2316
37614,35390
37615,238
37617,587
37618,10638
37619,15997
37620,30869
37621,32470
37623,6739
37624,22813
37625,27919
37627,5178
37628,1773
37629,30982
37630,3870
37631,10535
37632,20214
37633,25542
37635,5749
37637,40670
37638,3242
37641,3392
37642,904
37643,15984
37644,27576
37645,43024
37647,16651
37648,32084
37652,31770
37653,6527
37654,21009
37655,41157
37656,19194
37658,19018
37661,10651
37662,41236
37663,37345
37664,34058
37665,35359
37667,5553
37668,39392
37669,11646
37671,29695
37672,40002
37673,6966
37674,13897
37676,19261
37677,24413
37679,32571
37680,40423
37682,34194
37683,22890
37685,24579
37687,26483
37689,14466
37690,3904
37691,44529
37692,1408
37694,25219
37695,40276
37696,35176
37698,16000
37699,38227
37700,26164
37701,5378
37703,33072
37704,17732
37705,29551
37707,35083
37709,1574
37710,15118
37711,24625
37712,37968
37713,12243
37716,43877
37717,33859
37719,23345
37720,36339
37721,34189
37722,41511
37723,22141
37724,4282
37727,35728
37729,23469
37731,15720
37732,43105
37736,34128
37737,18647
37740,19737
37741,29703
37742,3074
37744,42983
37750,43712
37751,34270
37752,30693
37753,28774
37754,23814
37757,16395
37759,21108
37760,40715
37761,11302
37762,22341
37764,39455
37765,26022
37768,2689
37770,35782
37771,43263
37773,18631
37774,33235
37775,40360
37776,31080
37777,13221
37779,8915
37780,773
37783,19306
37784,3357
37785,22396
37786,39099
37787,30046
37788,6229
37789,8493
37790,9347
37791,33360
37792,32399
37793,13948
37794,33893
37796,25147
37797,28664
37798,39934
37799,40503
37801,12924
37803,43344
37804,39480
37805,19545
37806,14151
37807,41227
37808,32642
37809,34526
37810,7692
37811,828
37812,41978
37813,33668
37814,7940
37815,10987
37816,9936
37818,32402
37819,25340
37820,40205
37821,24878
37822,27336
37823,21580
37824,6644
37825,41597
37826,12016
37828,15251
37829,164
37830,18862
37832,21478
37833,17504
37834,31452
37835,3756
37836,5574
37837,867
37839,32880
37840,22690
37841,27869
37842,9688
37843,13344
37844,25784
37845,33572
37846,27752
37847,1977
37848,17450
37849,9368
37850,19951
37852,2191
37854,17604
37857,23552
37858,7398
37860,4615
37862,9114
37863,27516
37864,9860
37865,8748
37866,22269
37867,6595
37868,3449
37869,17498
37870,7192
37873,41345
37876,44509
37878,4958
37880,36170
37881,25556
37883,170
37885,32065
37887,12755
37890,22431
37892,32980
37893,10485
37895,665
37896,5027
37897,31188
37899,16505
37901,35664
37905,35282
37907,32773
37909,29070
37910,11316
37912,20800
37913,9762
37914,15807
37915,19968
37916,6427
37920,35231
37922,13853
37923,26977
37925,36777
37926,31366
37927,37271
37930,41747
37935,2367
37938,38050
37939,14789
37940,12292
37941,4438
37942,37955
37943,36063
37945,639
37947,22351
37948,43538
37949,13109
37952,445
37954,44180
37955,3596
37956,1550
37957,2446
37958,7465
37959,26783
37960,18440
37961,454
37962,30377
37963,32475
37964,27833
37965,24378
37966,4105
37967,11955
37968,6977
37969,18127
37970,20016
37971,9896
37972,8919
37973,8039
37974,39175
37975,6731
37976,14982
37977,26628
37978,38402
37979,10512
37980,22419
37981,22301
37982,32777
37983,3
37984,16017
37985,3701
37988,34779
37990,3429
37993,28122
37994,40141
37995,37154
37997,26846
37998,13077
37999,42802
38001,38174
38002,37418
38003,23943
38006,43994
38007,37790
38008,23829
38009,20702
38012,26847
38014,32824
38019,16410
38020,8648
38022,32635
38025,43636
38027,36725
38031,18175
38033,6172
38034,42363
38037,3806
38039,23898
38040,29325
38042,2554
38043,11397
38044,7861
38045,39586
38046,39888
38047,25473
38048,5435
38050,28391
38051,21248
38052,13002
38054,29457
38055,10417
38056,7087
38057,24395
38058,24697
38061,2829
38062,33429
38064,20551
38065,38047
38066,28813
38067,33302
38068,21291
38069,27831
38071,32433
38072,24230
38074,41923
38076,13747
38077,4806
38082,30997
38083,28718
38088,20972
38091,36111
38092,6120
38093,40982
38094,5799
38095,5998
38096,15493
38098,11485
38101,40698
38104,16725
38105,17738
38106,25520
38108,27484
38109,8886
38110,22486
38114,19027
38115,24684
38116,23763
38117,8033
38118,13351
38119,861
38120,43147
38121,18781
38122,35260
38123,15105
38124,9939
38125,23309
38126,11057
38128,43415
38130,10705
38132,29396
38140,13152
38141,20785
38143,18640
38147,17344
38148,6781
38149,6464
38151,2512
38156,31376
38157,10774
38158,26906
38159,6824
38160,25222
38161,20359
38163,24486
38164,24476
38166,10341
38169,5740
38170,4555
38171,37546
38174,33601
38176,24462
38177,27318
38181,34809
38182,42861
38185,33174
38186,39407
38187,36827
38189,1883
38190,5719
38191,2037
38192,42684
38193,26967
38194,13681
38195,25077
38198,21337
38199,27933
38202,22592
38203,4001
38204,17440
38205,38663
38209,9657
38210,36472
38211,11838
38212,1082
38215,28901
38216,37031
38217,8305
38220,22266
38221,32556
38224,18222
38225,34387
38226,18795
38227,15019
38228,2094
38229,27786
38230,8711
38233,22259
38234,24011
38235,16780
38236,6869
38239,14911
38240,25122
38241,17509
38242,22266
38244,30178
38249,1707
38251,42325
38252,43092
38253,22600
38255,34127
38257,4176
38258,29416
38259,9588
38262,34569
38264,6182
38265,24889
38268,39511
38269,32969
38273,32645
38275,28596
38277,13183
38278,16512
38279,30066
38280,29690
38281,38460
38282,34596
38283,40600
38287,4990
38288,44385
38289,32394
38293,4431
38299,17520
38300,37129
38301,32105
38302,12009
38304,31953
38306,22140
38307,20829
38308,20844
38313,5163
38316,35771
38317,24677
38318,30702
38320,2063
38322,37628
38323,24740
38324,11503
38325,8123
38326,4844
38328,44286
38329,20989
38330,28262
38331,21337
38332,22299
38333,5746
38334,40292
38335,18333
38337,17401
38338,25560
38339,11937
38341,40327
38343,39145
38344,35486
38346,770
38348,38094
38349,1141
38350,14521
38351,14664
38352,28603
38353,257
38354,21974
38355,569
38356,29221
38358,15313
38360,24773
38361,11878
38364,32194
38366,7636
38367,1288
38368,30814
38369,22825
38371,41182
38372,41088
38373,43836
38376,15392
38377,40124
38378,22745
38380,8686
38381,28808
38384,5289
38385,41655
38386,11525
38388,12183
38389,4337
38391,21850
38392,23622
38393,12465
38397,33152
38398,35710
38399,38995
38400,25993
38402,1620
38403,33942
38404,33190
38406,5629
38407,26509
38408,22557
38409,37245
38410,36665
38411,13178
38413,14532
38414,38431
38415,9837
38416,30028
38417,23809
38418,12694
38419,20705
38421,2609
38423,4840
38424,27924
38425,28860
38427,6589
38428,21928
38430,9135
38431,4512
38432,38951
38435,35802
38437,2973
38439,4674
38442,32479
38443,21131
38445,34101
38448,16115
38449,38794
38451,10583
38453,32919
38454,39394
38455,32949
38456,11492
38457,15313
38459,12113
38460,20414
38461,997
38462,708
38463,18241
38465,23809
38467,9035
38468,14672
38469,37863
38470,1737
38471,29297
38472,14140
38474,38121
38475,3614
38476,2687
38478,19905
38483,29626
38486,14588
38491,32562
38492,26840
38493,38058
38495,26610
38497,28992
38498,12137
38499,4467
38501,42538
38503,38376
38504,2758
38506,8822
38507,31860
38508,8307
38510,7639
38511,30458
38513,41004
38515,21744
38518,22584
38519,12499
38520,16657
38521,4135
38523,33219
38524,38609
38525,17181
38526,8032
38528,32442
38529,32271
38531,44483
38532,22204
38533,516
38534,39509
38535,4708
38536,37584
38538,17
38540,42317
38543,40278
38544,23362
38547,41345
38548,7648
38550,24473
38551,16970
38552,2533
38553,40643
38555,21120
38557,12168
38562,16123
38564,19799
38565,1168
38566,36546
38568,31575
38569,30510
38571,39235
38573,362
38574,27200
38575,10582
38578,39658
38580,31106
38582,19182
38583,9325
38584,28934
38589,6002
38590,32087
38591,26850
38594,44327
38597,4664
38598,5308
38600,32874
38601,24787
38604,18795
38605,3624
38606,23562
38608,11323
38609,5050
38611,4860
38612,25061
38615,10019
38616,24217
38617,6743
38618,37539
38620,41942
38621,39568
38622,13670
38623,44255
38625,7284
38627,23758
38628,36043
38629,8579
38630,44133
38631,39436
38636,9846
38637,10381
38639,14740
38640,15985
38641,20457
38648,41016
38649,29627
38650,5853
38652,3638
38653,4134
38657,5622
38659,6867
38660,17474
38663,23448
38665,5849
38667,26464
38668,42623
38670,6114
38671,3939
38673,33176
38675,44254
38676,11518
38677,42572
38679,24081
38680,22892
38685,41597
38687,6980
38689,8939
38691,10425
38692,34484
38694,44736
38698,960
38699,9226
38701,23513
38703,18366
38704,40468
38709,41701
38712,38600
38713,24660
38714,18076
38716,27942
38717,19828
38718,6282
38729,40928
38735,10878
38736,42505
38737,21212
38738,12446
38739,13622
38741,16827
38742,12721
38745,36464
38747,21596
38748,34974
38749,24554
38754,40036
38757,5303
38759,34973
38760,24114
38761,27108
38763,10486
38765,5474
38767,33136
38768,22707
38769,37857
38771,23977
38772,36008
38778,5345
38780,33976
38781,32212
38784,2717
38790,31326
38791,25831
38792,26002
38793,26004
38794,2179
38795,22434
38796,43137
38798,16084
38803,6425
38804,4520
38814,11331
38817,5402
38819,3779
38820,26227
38821,22160
38825,36832
38827,1977
38831,39006
38834,14735
38836,44191
38837,28671
38838,9200
38839,32710
38842,26700
38846,36169
38847,3313
38850,3999
38851,37477
38852,26103
38854,9927
38855,30353
38856,5196
38859,38355
38861,33760
38863,31803
38864,22996
38868,3453
38874,5510
38878,23238
38880,35967
38881,26215
38882,11685
38883,37586
38891,28551
38892,38212
38895,9710
38897,15949
38898,6975
38899,29777
38901,4459
38903,12725
38913,30894
38918,43092
38920,17346
38925,1057
38927,18997
38929,18047
38930,28342
38931,35306
38932,37814
38933,32530
38934,42996
38935,23652
38936,29365
38937,16539
38938,40503
38939,5602
38940,14840
38941,2050
38942,42421
38943,11460
38944,1370
38945,43315
38946,35203
38947,37258
38949,8964
38950,498
38951,18500
38953,1822
38954,23404
38962,41823
38974,22160
38980,9861
38981,27659
38982,31435
38983,17900
38988,1978
38992,15326
38993,18353
38994,38765
38995,4217
38996,25993
38997,39136
38999,8781
39000,17073
39001,4432
39002,17660
39003,20457
39004,18890
39006,29343
39008,13842
39009,18182
39011,14505
39017,22419
39022,17988
39023,6090
39026,20069
39027,3833
39029,17191
39030,12497
39031,6228
39032,9744
39036,24376
39037,26056
39038,6129
39040,27692
39041,15056
39048,8300
39052,12262
39053,1798
39056,5611
39059,1104
39061,17266
39063,2566
39065,4387
39067,6150
39069,17538
39070,43570
39076,19328
39081,30564
39082,12864
39083,2429
39084,38657
39086,43543
39089,34451
39090,3372
39094,21485
39096,22158
39098,6332
39099,14827
39101,17054
39103,39495
39105,35020
39106,30072
39110,34521
39112,17076
39116,29465
39119,25669
39120,36233
39124,23394
39125,3842
39127,1840
39128,27605
39129,20733
39134,28061
39136,4908
39138,28720
39140,10910
39141,23444
39142,6130
39145,22024
39146,40484
39147,33056
39148,14611
39149,33386
39151,33494
39152,44210
39153,21889
39154,30803
39158,23833
39159,17209
39160,30449
39163,35683
39164,8517
39169,33439
39173,20991
39175,25543
39178,43672
39182,2180
39185,37759
39190,24505
39192,24072
39194,5143
39195,1431
39196,24064
39198,40897
39199,27549
39201,23756
39203,12659
39209,8091
39211,3601
39212,4510
39215,19760
39216,34828
39219,25826
39220,12944
39223,13329
39230,23965
39234,44081
39235,39647
39236,43066
39237,23856
39238,4925
39241,17208
39246,17331
39248,26648
39249,2954
39250,28761
39251,29713
39252,20470
39254,11561
39255,32996
39256,4148
39257,20347
39258,36918
39259,43796
39261,4603
39263,22189
39266,17458
39268,40751
39270,15626
39271,7347
39273,36866
39274,20080
39275,16247
39276,21184
39278,25348
39279,24182
39281,21374
39283,39481
39286,37671
39288,44615
39298,15235
39299,39070
39301,36724
39304,18031
39308,6860
39309,2750
39314,16686
39315,29681
39316,13737
39318,11123
39319,20612
39321,22913
39324,1719
39325,3555
39326,19271
39327,44438
39331,23469
39332,37082
39334,26498
39336,5952
39342,17182
39344,18130
39345,26329
39346,294
39347,34593
39348,11182
39349,35212
39350,4425
39351,20080
39352,6084
39353,7634
39356,22960
39357,16362
39358,42534
39365,36898
39366,12918
39367,29776
39370,40730
39371,26778
39374,12932
39375,30095
39380,3971
39386,1360
39387,44138
39389,1233
39391,3363
39392,11976
39394,2324
39396,31795
39399,8554
39404,17031
39407,34584
39408,40890
39409,1419
39410,5286
39413,17223
39414,21365
39419,10486
39420,7747
39423,41576
39427,37840
39428,12125
39436,568
39440,26187
39442,43792
39446,42731
39447,30242
39448,38623
39450,25782
39452,21835
39453,23564
39454,37474
39455,26787
39457,9005
39458,34148
39459,42594
39464,41708
39466,20239
39468,42157
39470,24464
39471,30470
39472,26793
39473,42549
39474,5173
39475,2197
39476,36960
39479,13038
39480,41896
39481,28106
39484,12990
39485,39351
39487,24460
39489,24076
39492,26598
39495,33214
39499,5734
39500,24058
39501,701
39502,35955
39504,3351
39507,14241
39509,31826
39511,9461
39512,17080
39515,36611
39517,16278
39518,34618
39522,22575
39524,23564
39526,4951
39528,14580
39530,41945
39531,41437
39532,26203
39533,24997
39534,24209
39535,21393
39537,18588
39541,7158
39542,19241
39544,22297
39545,44180
39546,780
39547,7731
39548,42632
39551,13184
39554,36099
39555,3838
39556,30935
39558,29852
39559,24685
39560,18063
39562,29521
39563,22971
39564,26035
39565,8507
39566,42678
39567,32674
39568,264
39570,18685
39571,44569
39572,35545
39573,17110
39574,12582
39575,3652
39578,11734
39582,34900
39583,2056
39586,23338
39588,37821
39591,29998
39593,8506
39595,7608
39596,21784
39598,23468
39599,24732
39600,24022
39601,26481
39603,32526
39604,23177
39605,183
39607,22958
39608,31479
39609,23380
39611,2529
39614,29842
39615,8697
39616,15022
39618,44443
39619,6698
39620,37438
39622,8271
39624,18200
39626,31439
39627,27059
39628,34570
39632,25136
39633,15774
39634,1989
39636,33400
39639,6781
39640,4538
39641,9044
39642,22178
39644,635
39645,30369
39646,41281
39647,13576
39648,28875
39649,6146
39650,43987
39652,6190
39653,22828
39654,32749
39655,41176
39656,22356
39658,17533
39659,6909
39660,34118
39665,44334
39666,8727
39667,20293
39669,39032
39670,23556
39671,25471
39672,12440
39673,11123
39675,29649
39676,40091
39677,27307
39678,6778
39679,40239
39680,29461
39681,4524
39682,34194
39683,37481
39684,2746
39688,38104
39689,22099
39691,14778
39695,236
39697,30116
39699,34932
39700,8302
39708,33729
39710,8690
39712,33621
39715,21342
39716,36194
39719,18222
39722,39125
39723,15269
39724,21301
39726,17329
39728,39063
39730,25466
39731,32102
39734,28514
39735,24055
39737,27349
39738,11334
39739,8318
39740,13280
39741,30758
39742,28343
39745,5037
39748,39878
39750,21052
39751,14395
39752,15740
39753,30699
39754,18535
39756,1346
39757,27964
39758,40310
39759,6567
39760,14258
39763,18862
39767,12611
39768,37258
39769,35575
39771,28421
39772,18200
39773,7122
39774,19719
39776,35215
39777,35816
39778,35604
39780,25331
39783,35009
39784,31593
39785,7834
39788,39649
39790,2360
39791,28607
39792,30343
39793,37225
39797,1181
39798,15235
39799,44138
39800,42181
39802,12970
39805,29821
39806,1644
39807,33237
39808,34225
39809,28971
39812,6094
39813,23587
39814,20654
39819,13821
39820,39738
39833,15013
39835,27927
39837,10398
39839,2004
39842,28308
39843,19548
39845,44155
39848,38403
39849,5291
39850,3374
39851,1557
39852,977
39854,35865
39857,12798
39858,19241
39859,43362
39862,15199
39864,5828
39866,8260
39867,27690
39871,24501
39874,36337
39875,26693
39877,17131
39878,31865
39879,21302
39883,33942
39884,40416
39888,8627
39890,12830
39892,25754
39894,33342
39897,40720
39902,30541
39907,5953
39908,14753
39909,12345
39911,31158
39914,40693
39915,29142
39918,42240
39919,13179
39920,28364
39923,15456
39924,42199
39925,7748
39926,38947
39927,40270
39928,25222
39930,32404
39931,6284
39932,35639
39934,6481
39935,13608
39936,13172
39939,35966
39941,38636
39942,19142
39943,30301
39946,22371
39947,34418
39952,32217
39953,8959
39955,4081
39958,10260
39962,22819
39967,5715
39971,22648
39973,2623
39976,31767
39980,10219
39982,24182
39983,14629
39985,6979
39987,1515
39988,36843
39989,25729
39995,28036
40002,37665
40004,11577
40006,26407
40007,31747
40010,36630
40011,14198
40012,6343
40013,20424
40014,7625
40016,23389
40017,33976
40018,22408
40019,10668
40021,15121
40024,8979
40026,43959
40027,28695
40028,2028
40031,29658
40036,37217
40038,43933
40040,35278
40041,14605
40043,38950
40044,18021
40045,34552
40047,32697
40048,2628
40049,12057
40050,3595
40052,42414
40053,17746
40055,18244
40056,36443
40057,18329
40059,11342
40062,32217
40063,12509
40065,3381
40066,22624
40068,29835
40069,31767
40070,18079
40073,21349
40074,42973
40076,27403
40078,15987
40079,30253
40080,7728
40081,26648
40083,14248
40085,13313
40086,2771
40087,39391
40088,12259
40089,15466
40090,2656
40091,10925
40092,40185
40094,5051
40096,41032
40098,2057
40102,4965
40104,35503
40105,7298
40106,43790
40108,11322
40109,33175
40111,5219
40112,41999
40116,8684
40117,21030
40118,25207
40119,12454
40120,38510
40121,39780
40122,36404
40124,23202
40125,26019
40126,27663
40127,37826
40128,25719
40129,6616
40130,25749
40132,17795
40133,12630
40134,11913
40138,5760
40140,2920
40141,37041
40142,9130
40143,24355
40145,33827
40146,19948
40148,7674
40149,3831
40151,19434
40152,21009
40154,25462
40155,15023
40156,30861
40157,34805
40159,12313
40161,35940
40162,32538
40163,31509
40164,22200
40166,25942
40167,27525
40168,18842
40169,2860
40171,32508
40172,9067
40174,17171
40175,13445
40176,15002
40177,15947
40179,12706
40185,32756
40186,15011
40188,8360
40189,15888
40194,24811
40195,25481
40196,37794
40197,28932
40199,7006
40200,40895
40202,1191
40203,23657
40204,5958
40205,30235
40207,41759
40208,8983
40209,37960
40210,16280
40211,37351
40213,13464
40218,3581
40219,22186
40220,27890
40221,13479
40222,5077
40224,1277
40225,29120
40226,11800
40228,44363
40229,23733
40231,10368
40233,26568
40234,19683
40235,40447
40237,744
40238,41019
40239,14132
40240,44498
40241,12374
40242,18321
40243,7969
40244,28385
40245,18891
40246,12999
40250,16109
40251,42566
40252,18098
40255,11658
40256,25561
40257,21180
40260,16388
40262,26233
40263,23326
40265,14146
40266,30804
40267,29953
40268,36638
40269,26842
40270,41167
40271,1712
40272,6558
40273,12705
40275,43517
40276,41861
40277,4620
40278,34967
40280,44714
40281,35525
40283,39094
40285,13670
40287,25469
40288,23460
40290,11285
40291,25268
40292,7951
40294,2223
40298,17625
40299,28431
40300,38048
40302,34663
40303,11437
40306,24645
40307,21723
40308,17867
40309,43268
40310,13839
40312,19981
40313,20013
40314,33040
40316,2331
40319,27595
40321,1300
40322,8751
40326,41819
40327,3729
40330,2424
40332,22647
40333,2419
40335,33064
40338,5334
40345,35822
40347,4645
40349,10315
40350,26744
40352,44695
40358,1528
40360,40696
40361,31475
40369,2237
40370,15434
40372,27184
40373,33322
40375,35365
40376,13889
40378,20009
40381,32591
40382,20218
40384,23679
40386,37349
40388,28858
40389,15246
40390,41195
40391,6044
40392,29752
40393,25964
40394,15789
40395,18007
40397,23864
40398,4561
40399,21221
40400,21377
40402,28666
40404,13184
40405,23695
40411,3427
40412,41712
40413,1527
40416,32520
40420,12171
40423,28463
40424,10748
40428,20337
40430,7434
40431,9151
40434,4371
40436,681
40437,39427
40442,26212
40444,41635
40445,20279
40447,33489
40448,17105
40450,15108
40451,7567
40452,13711
40453,38324
40454,31521
40455,16759
40456,9018
40457,18791
40458,11103
40459,15788
40460,30808
40463,7536
40465,18465
40466,12627
40467,5240
40468,34941
40469,15624
40470,39570
40471,28120
40472,31595
40473,15642
40474,18890
40475,44216
40476,12484
40477,27820
40480,6467
40481,40436
40483,25077
40484,18948
40493,22938
40494,4673
40495,32532
40496,18502
40497,8520
40498,39318
40500,37291
40502,3924
40503,34417
40504,44158
40506,31790
40508,1421
40509,18596
40511,24614
40513,16779
40514,40231
40516,41802
40518,40753
40520,28024
40522,10610
40524,38287
40525,21543
40529,27411
40531,43552
40537,1245
40538,23613
40539,11092
40542,9610
40543,6696
40544,38411
40545,22377
40548,11326
40550,31159
40553,29029
40554,22599
40555,34277
40556,14098
40563,2858
40569,9810
40571,43697
40574,36632
40577,3691
40580,33939
40583,18714
40584,26314
40585,13088
40587,12551
40589,4663
40591,9776
40593,36854
40595,37307
40596,39753
40597,19947
40600,15321
40601,24894
40603,4089
40604,19166
40605,6816
40610,36109
40611,3606
40613,13358
40614,39669
40615,34346
40616,32476
40617,27698
40618,4977
40620,24639
40621,8601
40622,22606
40624,18272
40625,14986
40627,42172
40629,40287
40631,21236
40632,36777
40633,46
40635,5444
40637,21193
40638,27584
40639,28738
40640,20669
40641,43442
40643,19583
40646,16441
40647,25964
40648,40737
40649,28876
40651,14494
40653,1005
40655,8703
40657,26847
40659,27122
40661,17594
40662,19521
40665,38564
40667,22434
40670,13370
40672,31830
40673,4562
40674,4328
40675,22214
40677,30499
40678,4604
40681,3631
40683,38629
40684,14891
40685,26248
40686,34419
40687,32957
40688,12350
40689,22965
40691,18130
40693,12060
40694,34520
40695,26595
40696,16046
40697,35540
40698,38202
40700,29156
40701,3007
40703,16139
40704,20531
40705,17639
40706,31780
40708,34089
40709,24975
40711,13374
40712,14835
40713,24982
40714,32761
40715,36842
40716,34908
40717,26597
40720,35954
40721,19359
40724,19250
40725,18594
40729,10015
40730,28462
40731,36221
40733,35456
40737,17160
40739,40450
40742,4483
40743,14207
40747,32080
40749,38507
40750,33225
40751,15199
40753,13929
40754,34753
40756,43268
40759,27249
40762,22848
40763,22657
40765,17769
40766,26761
40771,9306
40774,37308
40776,27728
40781,15369
40785,11020
40789,22828
40795,9105
40802,44097
40803,454
40804,35776
40811,1182
40812,10915
40813,11409
40814,10308
40817,14737
40818,41977
40819,39148
40820,23117
40822,22490
40823,25707
40825,30418
40826,25033
40829,173
40830,23491
40832,29564
40835,44050
40836,33583
40841,29232
40847,559
40848,37325
40850,5054
40854,18584
40856,7206
40864,41359
40865,3279
40872,6633
40873,27357
40874,1521
40875,5862
40877,23812
40878,18992
40879,32482
40881,32443
40882,18956
40884,15526
40887,3207
40888,21608
40889,34186
40890,1707
40891,17543
40892,39236
40894,27290
40895,18794
40896,474
40897,1874
40899,18022
40900,42394
40903,4018
40904,27561
40906,5602
40907,41104
40909,24062
40911,14046
40914,5304
40915,12645
40916,14184
40917,35861
40918,38281
40920,29778
40925,33914
40928,1077
40929,32929
40930,31387
40932,19376
40944,6686
40945,27975
40946,31930
40953,1253
40956,1751
40959,23798
40960,8577
40962,28465
40964,7747
40965,4597
40967,450
40969,36954
40971,41530
40973,20279
40974,1224
40976,33599
40980,2836
40982,15115
40987,35952
40988,15125
40996,34661
40997,10129
40999,19433
41000,31651
41004,36321
41008,14821
41011,22078
41012,13265
41013,9968
41014,3474
41016,42628
41018,10656
41019,22796
41020,28743
41023,945
41026,8296
41027,37477
41028,44589
41030,38941
41031,32855
41032,8103
41034,2238
41035,32708
41036,12987
41037,4402
41038,4101
41039,25470
41040,43617
41042,19805
41045,35447
41048,305
41049,38741
41051,7540
41052,37722
41054,23838
41055,19472
41057,20841
41061,20312
41064,1506
41067,21626
41068,26878
41069,12073
41072,20291
41075,10517
41076,17892
41078,105
41079,13257
41080,31587
41082,3241
41083,1554
41084,7530
41085,3201
41086,43424
41087,38105
41088,23905
41089,30995
41090,32714
41091,40891
41092,7562
41093,13364
41094,31122
41096,37477
41097,2457
41098,7393
41100,4597
41101,34893
41103,5811
41104,42645
41106,19496
41110,3673
41111,11146
41113,12593
41115,24823
41116,2413
41121,9503
41123,31663
41124,35722
41127,21560
41128,21945
41131,44414
41132,22044
41134,33071
41135,15949
41136,7393
41139,43246
41141,19778
41142,3794
41144,40235
41145,33845
41147,40516
41149,24476
41150,39371
41151,2714
41152,15389
41153,2669
41154,10834
41155,20386
41156,27653
41157,8690
41158,12912
41159,30429
41163,16124
41167,27376
41168,43876
41169,7693
41170,1981
41171,35903
41173,19615
41174,27124
41175,40753
41176,12492
41177,9838
41178,12942
41179,600
41180,14576
41181,20955
41182,14925
41184,21123
41185,22565
41186,15073
41187,18971
41188,22550
41189,2564
41190,13851
41191,34131
41193,38293
41194,35353
41195,7463
41196,34611
41197,37136
41198,16558
41199,27850
41200,4137
41202,24470
41204,7339
41205,19343
41207,3549
41208,29503
41209,27019
41210,32268
41211,5655
41212,32418
41213,35524
41214,38306
41215,25310
41216,7989
41217,27148
41218,24422
41219,37988
41222,42148
41223,19713
41224,2863
41226,37454
41227,7891
41228,5503
41229,8558
41231,26009
41232,39973
41233,313
41234,43306
41235,41867
41236,26190
41238,13155
41239,11011
41241,21852
41242,21975
41243,24496
41244,26256
41248,31925
41249,35241
41251,21767
41252,18962
41253,2444
41254,12063
41255,24358
41256,30305
41259,11640
41261,2751
41262,12084
41265,3579
41268,5326
41269,28424
41270,6101
41271,27414
41272,39252
41273,4988
41274,8553
41276,22427
41277,41943
41278,24061
41279,37812
41281,24454
41282,14666
41284,43177
41285,5495
41286,12137
41287,16757
41292,21602
41293,5660
41294,15641
41295,25502
41296,14497
41298,21263
41299,37284
41300,18043
41305,5034
41306,30897
41308,11953
41309,37680
41310,6071
41311,37949
41312,10390
41320,8418
41322,15373
41323,3999
41324,38507
41329,22184
41331,43738
41335,24716
41337,43699
41338,40497
41342,30846
41344,29740
41345,43152
41346,33739
41347,37487
41349,17712
41350,31676
41352,35240
41353,42563
41357,31461
41359,15483
41360,5965
41361,22755
41362,12319
41363,5430
41365,3518
41368,1467
41370,41413
41371,31558
41372,36785
41373,37040
41378,20164
41379,28371
41380,42505
41383,7682
41384,38518
41386,13639
41388,21686
41389,40553
41390,31850
41391,4227
41394,32789
41395,12354
41396,3047
41399,39031
41400,16827
41402,35488
41403,2211
41406,1274
41408,3057
41410,18147
41412,30203
41413,35009
41414,3332
41419,43782
41423,31798
41426,7154
41429,6437
41430,35582
41431,40537
41432,19636
41433,6014
41434,30076
41435,36334
41436,31297
41437,9269
41438,16000
41441,19207
41443,35784
41445,21446
41446,3488
41447,6283
41448,27493
41449,34664
41451,42828
41452,40002
41454,3738
41455,14217
41456,24672
41457,17368
41458,29441
41459,33401
41460,26079
41463,6238
41464,1590
41465,18373
41467,35473
41468,6688
41471,8133
41472,28322
41473,12029
41474,18921
41475,12912
41477,9040
41479,20086
41480,5031
41481,1988
41482,16004
41483,15254
41484,20571
41487,10421
41489,43660
41490,42827
41491,26817
41492,16779
41495,39605
41498,18891
41500,8834
41502,13963
41505,37972
41508,33616
41511,5967
41514,2263
41515,37629
41516,15538
41519,6534
41520,8443
41523,6020
41524,37224
41526,32860
41527,7564
41528,13953
41530,23963
41533,19633
41536,23247
41537,18492
41538,10902
41539,24917
41541,17404
41542,20088
41550,4107
41553,43217
41554,746
41555,21169
41559,5111
41562,12183
41564,43253
41565,36305
41568,38768
41569,1780
41570,18593
41573,38589
41576,8355
41578,10396
41583,37428
41591,31205
41592,20938
41593,42713
41595,22692
41597,18051
41599,1580
41601,14262
41602,20754
41604,1968
41606,31608
41607,1127
41608,34115
41609,22002
41610,37956
41611,30454
41612,30751
41614,11777
41615,33036
41616,14855
41620,39037
41621,32574
41623,2744
41625,5379
41628,23846
41629,28154
41631,43881
41633,2190
41635,32848
41640,11973
41644,18762
41646,22931
41650,26009
41653,2594
41655,5300
41656,20230
41663,24075
41664,27317
41666,20161
41668,43325
41669,19981
41672,32054
41675,35445
41677,36072
41680,30471
41682,43524
41685,30907
41687,32346
41688,19287
41691,35530
41693,42860
41695,39724
41696,26097
41698,35661
41699,9672
41700,23255
41701,30617
41702,4147
41703,3731
41705,17382
41706,9607
41707,1608
41708,32179
41709,1379
41710,4078
41712,43015
41714,34507
41717,23869
41718,10963
41719,32484
41720,44240
41721,675
41723,22742
41724,4521
41725,44158
41727,28887
41728,32378
41729,23544
41733,28716
41734,10275
41735,33111
41736,18415
41738,34255
41739,39614
41742,31135
41743,41353
41744,21382
41745,6526
41746,35043
41747,8576
41748,27071
41749,20478
41750,26261
41754,9921
41757,21212
41759,5238
41763,42053
41764,22342
41768,29980
41770,20171
41771,6450
41774,15722
41775,41555
41776,38868
41782,38995
41783,12912
41785,9672
41787,22178
41788,34796
41790,26722
41791,3648
41793,6907
41794,21264
41796,42000
41798,30582
41799,9496
41800,20623
41802,13347
41803,33890
41804,8484
41806,14144
41807,37620
41809,8975
41813,22179
41814,34985
41815,30495
41817,3979
41819,26917
41823,24719
41826,28218
41829,11646
41831,21885
41832,296
41833,22885
41836,34728
41838,34158
41839,23484
41840,7213
41841,22271
41842,31881
41843,17450
41846,9940
41847,25147
41848,10431
41850,25126
41852,18921
41854,8923
41856,25993
41858,33980
41860,15854
41861,38228
41862,10141
41863,16654
41864,27718
41865,15103
41867,16168
41871,20680
41875,13323
41876,31379
41877,33227
41879,41177
41880,4456
41881,17096
41883,7008
41884,18374
41885,27613
41886,41555
41887,3003
41888,13071
41892,16608
41893,14137
41894,10657
41895,36641
41896,37361
41897,32981
41898,7697
41899,6464
41900,21642
41901,6326
41905,42816
41906,2062
41907,16013
41909,6523
41910,14382
41911,14408
41912,14859
41914,36178
41915,19127
41916,42993
41917,28492
41918,31548
41919,12935
41920,20219
41921,4070
41923,29666
41926,6023
41927,17820
41929,5219
41931,692
41932,18840
41933,29984
41934,17513
41936,31452
41937,16957
41939,6650
41940,5922
41941,30203
41942,5742
41943,23112
41945,13399
41947,30693
41948,38640
41950,17138
41952,7059
41953,43311
41954,37819
41959,5553
41960,24290
41961,4003
41963,3284
41966,44508
41967,32246
41968,15782
41970,15176
41971,7380
41976,6269
41977,3479
41978,37206
41984,44307
41985,23777
41988,27592
41989,32698
41990,38913
41995,22866
41997,42572
41998,2036
41999,39325
42000,10803
42001,44283
42003,22521
42004,43496
42006,33984
42008,3075
42009,28384
42010,16868
42011,27912
42012,36844
42013,32715
42015,41471
42016,35657
42017,10323
42020,11880
42022,38393
42023,24463
42025,4982
42026,38259
42027,399
42029,34175
42030,37790
42032,38455
42033,17809
42034,9872
42035,11643
42036,41389
42037,43792
42039,24477
42040,31198
42043,27255
42044,17203
42045,27063
42047,12695
42049,3402
42050,8972
42053,3724
42055,43135
42056,43893
42057,25900
42058,15770
42062,581
42064,39586
42073,13933
42074,42191
42075,41106
42078,31664
42081,43064
42082,22580
42083,10723
42084,37524
42085,32870
42088,7580
42090,20210
42091,26769
42095,24013
42097,16062
42098,36567
42100,24578
42101,15001
42102,13556
42103,37441
42104,6936
42105,305
42106,12185
42107,13360
42108,24621
42110,20584
42111,22610
42112,19233
42113,14854
42114,20405
42115,14498
42116,22567
42119,1446
42121,41505
42122,31671
42123,25152
42124,41860
42126,41748
42128,139
42129,3429
42130,10419
42131,31474
42132,36282
42133,42350
42134,19684
42136,3944
42137,1318
42138,31559
42139,6203
42140,8644
42143,538
42145,42396
42146,6500
42148,22942
42149,21891
42150,33415
42151,38009
42152,15946
42153,43267
42154,14647
42155,41455
42156,26658
42157,22497
42158,15471
42159,25053
42161,13770
42162,9742
42164,29998
42166,21015
42168,35946
42170,22612
42171,19308
42172,10032
42173,7761
42174,17872
42179,21210
42180,38166
42181,1781
42182,28608
42183,29516
42184,41477
42185,25069
42187,18959
42188,21362
42190,16990
42191,12370
42193,38262
42194,17073
42195,28911
42197,8466
42198,14776
42199,16087
42201,40818
42202,7074
42203,8470
42204,7814
42205,2745
42206,41178
42207,25748
42208,22128
42209,15123
42210,24894
42211,26767
42212,17795
42213,29506
42214,13291
42215,30043
42218,10545
42219,16924
42220,4178
42221,1392
42222,10799
42228,1938
42229,16798
42231,3932
42232,27070
42234,42951
42235,3133
42236,1431
42238,29269
42239,13243
42240,21762
42241,39365
42242,32548
42243,25075
42245,40756
42246,44695
42248,13681
42249,29053
42250,20397
42251,10388
42252,14607
42253,40118
42254,33111
42255,23590
42256,22912
42258,18
42259,15262
42260,27328
42264,24825
42265,646
42267,25409
42269,30471
42271,25260
42272,40647
42273,1405
42274,20584
42275,644
42277,5624
42278,28612
42279,7012
42280,21572
42282,3350
42283,40373
42284,40647
42286,26580
42287,10298
42288,19370
42289,26972
42290,4853
42291,41620
42292,39645
42294,17834
42296,42544
42297,14394
42298,7044
42300,13243
42301,10651
42302,32586
42303,30076
42304,14007
42305,6445
42306,3360
42307,27748
42308,23183
42312,14188
42314,1318
42315,13938
42316,16152
42317,25596
42318,25793
42321,15605
42322,2824
42324,2238
42325,6507
42326,22165
42328,43497
42329,33609
42330,6731
42331,39268
42332,42730
42334,23576
42337,29271
42338,42693
42339,25033
42341,36843
42342,8204
42343,7600
42344,9614
42346,10526
42349,18791
42350,152
42351,13013
42353,51
42357,26501
42361,38307
42363,3225
42365,42517
42370,13687
42371,25852
42374,36453
42385,16859
42387,4469
42389,44125
42390,32547
42392,21142
42393,23079
42394,10515
42396,40495
42397,39182
42398,3909
42399,38932
42400,12777
42401,13741
42402,25394
42403,21215
42406,21944
42407,6868
42410,44670
42411,5335
42413,4693
42414,17410
42416,34669
42417,10428
42418,41252
42420,23940
42421,30487
42422,551
42424,11488
42425,14361
42426,5843
42427,30021
42429,20473
42430,28976
42432,28523
42433,38735
42437,11303
42438,20096
42439,19354
42440,32714
42444,28332
42445,3312
42446,21598
42448,2031
42450,5645
42452,26750
42453,10978
42454,13539
42461,31597
42467,44408
42468,21485
42472,33357
42473,27082
42475,16205
42476,31661
42478,37362
42479,7675
42480,43866
42481,34470
42482,32387
42483,19581
42484,11308
42485,7454
42486,15647
42487,1430
42488,42604
42489,7031
42491,18684
42492,44232
42493,27240
42494,26759
42495,15350
42497,31814
42498,40829
42499,21957
42501,9319
42502,14214
42503,42678
42504,18198
42505,12493
42506,1964
42507,9785
42508,37880
42511,36008
42512,28169
42513,29574
42516,11930
42517,12042
42518,12038
42520,42035
42521,27645
42523,24529
42524,16477
42525,9582
42529,39897
42530,17057
42531,41080
42534,44186
42535,28327
42537,10227
42538,30012
42540,40881
42541,17747
42543,39259
42544,41443
42545,15976
42546,36521
42547,35322
42549,26302
42550,16829
42551,13517
42553,23510
42554,15201
42555,21194
42558,419
42560,9929
42561,44156
42562,37538
42563,17014
42564,1815
42565,9472
42566,876
42568,1743
42570,36135
42571,20163
42572,40207
42573,2707
42574,13961
42576,4298
42578,16200
42582,38414
42583,27559
42584,41447
42586,26970
42588,20999
42589,9640
42594,21437
42595,39567
42597,25941
42600,20901
42604,27544
42607,779
42608,196
42609,27895
42610,2558
42611,4449
42612,11857
42614,25507
42615,9779
42618,37319
42619,36310
42620,20950
42621,5576
42622,40291
42623,25300
42625,30753
42626,22588
42627,15993
42628,42583
42631,27953
42632,37355
42633,30668
42640,6752
42643,10652
42644,44624
42645,31790
42648,17052
42651,15761
42654,22544
42658,22427
42660,13038
42661,37858
42662,24031
42663,24222
42664,38253
42665,30679
42666,10390
42667,4973
42669,6300
42672,30744
42673,7951
42675,5700
42676,15926
42677,10546
42678,12624
42679,41388
42680,19939
42681,20885
42682,18942
42683,26099
42684,38759
42685,1171
42686,2609
42687,29928
42688,37003
42689,36364
42690,8929
42692,296
42693,17225
42694,17712
42697,31331
42698,22521
42699,10735
42702,19418
42704,41599
42705,17263
42706,19072
42708,12465
42709,12409
42710,38729
42711,13773
42712,43785
42713,3368
42715,4930
42716,25614
42717,19344
42720,14352
42722,6964
42723,32443
42724,8682
42726,13732
42729,7784
42730,16847
42731,25933
42732,8822
42734,16071
42735,26988
42737,19357
42739,19622
42740,13202
42743,23854
42744,27898
42745,36419
42746,25912
42748,16996
42749,8674
42751,9101
42752,39941
42753,44158
42756,18656
42757,7052
42759,29318
42761,2405
42764,10827
42765,2472
42767,39845
42769,25778
42777,9023
42780,19020
42781,29098
42784,37067
42787,17220
42788,5384
42789,34443
42793,5430
42794,11308
42795,41576
42796,5524
42798,17046
42799,37373
42800,13350
42801,22038
42802,4515
42803,3338
42805,5257
42806,21824
42807,32509
42808,12684
42809,15883
42810,23678
42811,43082
42812,7962
42815,27429
42816,38583
42817,27290
42821,22112
42824,21290
42825,7841
42826,38803
42827,20401
42828,6998
42830,37983
42831,18745
42832,24220
42833,9197
42836,8715
42837,8523
42838,11562
42839,7382
42846,29349
42848,10390
42850,32033
42851,1550
42854,17470
42855,24701
42856,26894
42857,17533
42859,14539
42860,31130
42861,2538
42863,39351
42864,6285
42867,23947
42869,33712
42871,19489
42876,32415
42877,4024
42878,32418
42879,26852
42880,13842
42881,16784
42882,23947
42883,25808
42884,28812
42885,34556
42888,27482
42889,470
42891,22301
42893,15843
42895,2203
42896,16002
42897,32466
42903,33466
42907,38344
42908,43577
42909,9657
42910,35244
42911,10242
42912,19324
42913,26945
42914,33181
42917,36488
42919,18663
42920,8990
42921,21888
42922,14208
42923,12578
42924,10624
42925,19347
42927,43776
42928,8326
42930,1530
42933,22424
42934,28755
42936,25994
42937,25575
42938,19911
42940,26032
42941,27882
42942,38114
42946,4444
42947,6127
42948,43304
42950,9664
42951,37407
42952,4413
42954,37773
42955,6197
42956,39598
42960,5171
42969,20215
42971,36803
42972,5053
42973,3790
42975,30033
42976,4298
42978,28322
42979,13260
42980,35511
42981,9098
42982,6917
42983,44681
42986,23389
42987,27556
42989,8165
42990,12328
42991,7153
42993,1654
42994,1253
42996,7723
42997,43457
42998,32498
42999,36804
43002,10670
43004,21888
43005,5979
43007,28961
43008,39038
43011,10573
43014,25542
43015,17742
43017,24666
43024,21407
43026,8216
43033,18220
43034,23808
43035,19096
43039,1234
43040,29903
43042,33583
43043,33974
43044,11109
43046,2713
43047,25834
43049,39756
43053,28585
43054,37547
43055,16716
43057,38055
43058,3629
43060,17734
43062,37205
43064,6721
43066,10119
43067,33067
43068,30762
43069,4948
43070,3260
43074,15671
43075,36238
43076,38069
43077,43266
43078,16087
43082,8260
43083,15804
43085,25075
43087,40233
43091,33379
43092,26244
43097,33783
43105,35727
43116,33419
43118,18952
43120,24437
43121,37625
43122,2265
43126,32182
43132,3404
43135,775
43137,9100
43138,16274
43139,18889
43141,4100
43143,3067
43144,12338
43145,44113
43147,41012
43148,15519
43149,33496
43150,16420
43151,9829
43152,14931
43153,6138
43154,1761
43155,40079
43156,12529
43162,44677
43163,11445
43165,19430
43168,42220
43170,12790
43172,42895
43173,1140
43174,33589
43175,28850
43176,7309
43177,33696
43179,32243
43180,31125
43181,43179
43186,16252
43189,1599
43191,5454
43193,24051
43195,5651
43196,2513
43197,6098
43201,8491
43204,2737
43208,6887
43210,27119
43211,40553
43212,28995
43214,7791
43215,38897
43217,28772
43220,44162
43221,37251
43222,34338
43223,3267
43224,13013
43225,13487
43228,26551
43229,28185
43231,41217
43233,10593
43236,28240
43238,40513
43239,17670
43240,21499
43241,19935
43242,21794
43243,36890
43244,25811
43245,29517
43246,34873
43247,9031
43251,9701
43253,18049
43255,43165
43256,38878
43259,7907
43261,5778
43263,30634
43266,18120
43267,16712
43268,23936
43272,29229
43278,9020
43280,37139
43282,25522
43283,43670
43284,36541
43285,31437
43288,12550
43292,16021
43294,30627
43295,9275
43296,25587
43298,13715
43300,23829
43301,2668
43303,11394
43304,13973
43305,32915
43306,29768
43307,24017
43308,4527
43310,44196
43311,23676
43312,36750
43313,15953
43314,31961
43315,4050
43316,29523
43318,32916
43323,384
43325,31261
43327,24408
43329,9401
43330,5032
43331,11170
43333,29
43334,35345
43337,9667
43338,25717
43342,4057
43343,18271
43344,35575
43345,34302
43346,915
43347,35003
43348,39479
43349,19962
43350,37607
43351,14464
43355,15300
43356,34650
43359,852
43360,17489
43362,17491
43363,13549
43364,44159
43365,39862
43366,11239
43367,2220
43368,36198
43369,8870
43370,16372
43372,24693
43374,4184
43378,8219
43383,18196
43385,26365
43386,32332
43387,32699
43388,30096
43391,32219
43392,17591
43395,37687
43397,26802
43398,21565
43399,12521
43400,15868
43401,2939
43404,29160
43405,6155
43407,24874
43408,18003
43413,4728
43414,10581
43415,5299
43416,6849
43417,37284
43418,35424
43420,6538
43421,12576
43424,20468
43426,11326
43427,44427
43428,35507
43432,28723
43433,43355
43434,31385
43435,553
43440,9303
43441,2102
43442,38930
43444,44413
43448,18514
43450,15497
43451,25385
43455,20232
43457,28978
43458,364
43459,18659
43460,22655
43463,28901
43464,36519
43466,35496
43467,22951
43471,28664
43473,9778
43474,43870
43475,26737
43476,4366
43477,40369
43478,11638
43480,10258
43481,15590
43483,13474
43484,32663
43485,568
43486,40571
43488,11281
43489,35574
43490,37425
43492,26244
43493,3924
43494,18333
43495,17641
43496,30413
43497,20102
43498,5850
43499,24826
43500,7089
43501,8817
43502,29641
43504,26704
43505,28720
43506,23974
43507,2188
43508,36784
43510,39327
43511,1085
43512,12089
43513,21648
43514,39090
43515,44333
43517,36768
43518,35581
43519,35215
43520,28872
43522,8542
43524,24710
43525,24554
43526,34965
43527,19789
43528,7564
43530,27384
43532,15233
43533,24433
43534,44145
43535,37342
43536,34249
43537,17775
43538,4041
43539,40622
43540,20671
43542,8784
43543,40276
43545,32113
43546,12744
43547,34938
43548,27003
43549,7051
43550,17742
43551,3500
43552,33983
43553,39571
43554,39932
43555,3694
43556,8504
43559,5054
43560,21677
43563,25129
43564,35510
43565,44224
43566,31348
43567,20727
43568,40283
43570,35150
43571,43370
43572,23912
43573,35019
43576,37740
43577,41926
43579,39565
43580,28571
43581,31197
43582,39251
43584,17103
43585,11726
43586,21135
43587,2821
43588,16934
43590,12241
43593,35468
43594,26219
43595,1673
43596,4723
43597,10377
43598,43766
43599,37482
43600,42746
43603,8284
43606,1238
43608,8658
43609,26981
43610,19297
43612,14169
43613,9451
43614,311
43616,39173
43617,28934
43620,19772
43621,685
43626,27922
43627,27587
43629,41438
43630,36968
43631,37607
43632,42554
43633,26168
43636,19364
43637,2274
43638,38861
43639,32063
43642,39750
43644,25609
43645,29605
43646,4991
43650,12328
43651,38064
43653,890
43655,104
43659,43826
43660,96
43661,24716
43663,11712
43664,38355
43665,36986
43667,29521
43668,8041
43669,6551
43670,23451
43671,6508
43672,2913
43673,43176
43674,3356
43675,38657
43676,42919
43677,1180
43678,1673
43679,33147
43680,16693
43685,22663
43687,26233
43688,15142
43689,20459
43690,296
43691,27402
43694,39649
43696,24839
43697,40145
43698,19410
43699,39731
43700,14217
43703,30269
43706,37078
43707,6086
43709,18162
43711,35503
43712,23230
43713,44250
43714,38335
43715,19439
43716,15049
43717,4175
43719,10470
43722,34213
43723,11975
43724,8751
43725,4515
43727,15345
43728,34974
43729,40200
43730,44541
43731,43330
43732,13250
43733,19009
43734,35157
43737,21211
43738,15498
43740,28089
43741,43731
43743,5864
43747,16419
43748,37202
43749,20237
43750,15392
43751,19728
43752,10888
43754,34635
43755,18448
43756,4295
43757,1234
43758,41298
43763,37457
43765,176
43766,44335
43767,30487
43768,1743
43770,4510
43771,27479
43772,40697
43775,8443
43776,15560
43777,35564
43781,7622
43782,2301
43783,14409
43784,33389
43785,15536
43786,2323
43787,21105
43789,28904
43790,37149
43791,7791
43792,255
43793,31748
43794,10363
43796,38677
43800,41018
43801,15762
43802,11254
43804,40500
43805,17475
43808,17652
43809,7154
43810,3968
43811,1125
43812,21494
43813,4426
43814,12348
43816,6789
43818,25264
43820,16418
43821,15815
43822,21957
43825,30246
43826,4802
43828,23097
43831,3427
43832,43552
43833,28702
43834,14352
43835,42445
43836,3492
43837,16452
43838,2230
43839,29572
43840,39578
43842,34101
43843,26661
43845,37713
43846,43451
43847,23393
43848,43770
43849,20474
43850,2479
43852,35941
43853,21984
43854,13770
43855,30442
43856,23682
43858,25166
43859,43307
43860,14261
43861,19945
43862,25549
43863,23580
43864,8436
43865,25150
43866,26847
43867,21076
43868,11868
43869,43946
43870,18550
43871,32586
43872,18943
43873,25950
43874,28731
43875,42221
43876,25313
43877,11779
43878,7168
43879,41717
43880,38471
43881,33294
43883,13006
43885,34428
43887,40445
43888,20309
43890,7016
43891,11320
43892,43033
43893,30797
43894,9596
43897,16690
43899,10649
43901,9527
43902,1490
43904,25608
43908,12139
43909,33190
43913,39086
43915,21461
43916,30831
43919,20625
43925,3642
43926,16735
43927,25048
43928,29720
43929,21130
43931,16851
43932,30300
43933,9249
43935,19951
43936,28308
43937,25150
43938,24824
43939,27461
43940,27494
43942,42497
43943,9303
43945,32142
43946,38301
43947,12352
43948,6070
43949,29971
43951,31384
43952,6324
43953,41309
43957,12806
43959,17209
43960,31640
43961,18573
43963,44097
43964,31936
43965,35386
43967,33620
43968,41269
43970,43848
43971,5655
43973,33659
43974,37446
43977,18818
43978,5743
43979,34775
43980,43300
43982,29497
43984,4208
43985,7619
43986,40473
43987,38095
43988,17159
43989,41345
43990,28180
43992,17351
43993,15602
43994,8938
43995,14250
43996,15931
43997,22050
43998,9298
43999,3557
44000,27408
44002,7097
44003,6888
44005,34484
44006,8211
44007,11870
44008,13828
44009,38628
44010,25618
44011,5631
44012,39908
44013,12833
44016,31413
44017,6358
44018,7963
44020,40090
44021,4617
44022,11201
44025,2652
44026,35887
44027,5734
44028,8541
44029,13727
44031,1196
44033,25951
44034,30321
44036,11240
44037,29562
44038,13574
44039,24569
44040,3330
44045,30241
44047,7131
44048,36605
44049,37010
44050,3624
44051,7860
44052,12263
44054,37892
44056,35635
44057,13973
44058,40388
44059,29472
44060,42401
44061,8549
44062,40709
44063,23062
44064,44138
44065,38012
44066,33467
44067,30892
44069,28467
44070,8474
44071,20136
44072,37661
44073,27678
44075,38657
44077,10460
44078,36716
44080,25963
44081,35592
44084,24576
44090,2109
44097,42732
44100,42712
44108,8031
44110,12777
44112,39689
44113,28245
44115,15153
44116,368
44117,16660
44118,38281
44119,38408
44120,8646
44121,9325
44122,28311
44123,31890
44124,35802
44125,18856
44126,12118
44127,10675
44128,4079
44129,8715
44130,37234
44131,12964
44132,27967
44133,15715
44137,28147
44138,29192
44139,25891
44140,20803
44141,2300
44145,22282
44146,17501
44147,9647
44148,38637
44149,37892
44150,42308
44151,26900
44152,16172
44154,15805
44155,15078
44156,34481
44157,23805
44158,7108
44159,42722
44161,44170
44162,5446
44165,22594
44166,38313
44170,26002
44173,14816
44174,22625
44175,21682
44176,28928
44179,25526
44180,24365
44181,11388
44182,25166
44184,23961
44185,34647
44186,24804
44188,23981
44191,6240
44192,27465
44194,21221
44195,41961
44196,7617
44197,14537
44198,37582
44199,42315
44204,1277
44205,22414
44206,20136
44207,23792
44208,3740
44209,4279
44210,27538
44211,37602
44212,40400
44213,11489
44214,268
44215,33647
44216,38288
44217,36248
44218,19927
44220,11628
44221,11259
44222,9114
44223,3608
44224,30899
44225,42971
44226,3597
44228,9123
44230,37133
44231,22402
44232,41568
44234,34301
44235,33696
44236,802
44240,17260
44243,36361
44245,20389
44250,1654
44251,22153
44252,29783
44253,20167
44254,10402
44255,44617
44257,14877
44258,7131
44260,43894
44263,41940
44265,28597
44268,28519
44270,6527
44273,6977
44274,3296
44275,14426
44279,38083
44280,26849
44282,8320
44283,29043
44285,20521
44286,4769
44287,12038
44288,37454
44289,40637
44291,33908
44292,21055
44295,20790
44296,11157
44298,11605
44301,43818
44304,22980
44306,4807
44307,40280
44311,14465
44315,31465
44316,26688
44317,38804
44318,6221
44319,32167
44320,41147
44321,6680
44322,30818
44323,6390
44325,10293
44326,43670
44327,25921
44329,26289
44330,29617
44331,29062
44332,5800
44333,36712
44334,42221
44335,21583
44336,34341
44339,38252
44340,5855
44342,40703
44343,15683
44346,21921
44348,27015
44350,31876
44351,43974
44352,18033
44354,13876
44355,29343
44356,33866
44357,42986
44359,26616
44362,39089
44363,15327
44364,32696
44365,25440
44367,8610
44368,38193
44369,21177
44370,14958
44372,1122
44373,15472
44374,30056
44375,18580
44376,6256
44377,44316
44378,42665
44379,34189
44381,7900
44385,34667
44387,28303
44390,55
44391,12622
44394,19803
44395,26812
44398,43343
44399,12171
44401,1885
44402,4042
44405,20709
44406,2533
44407,41080
44408,6180
44409,10710
44410,22506
44411,42994
44412,921
44413,15400
44414,18553
44415,4664
44416,25332
44418,16742
44419,42706
44420,23122
44423,36619
44424,32804
44425,3352
44427,43535
44428,25999
44429,43839
44433,41813
44436,4697
44437,26102
44438,35045
44440,18870
44442,43567
44443,21591
44445,19135
44449,6774
44450,31875
44451,19071
44452,42138
44453,36114
44455,22143
44457,28387
44460,24387
44462,24901
44464,28099
44465,34418
44466,38640
44469,30024
44470,40085
44472,28092
44474,44006
44476,5732
44478,34593
44479,6609
44483,13845
44484,41256
44487,36520
44490,36054
44492,6882
44494,5847
44495,26888
44497,11964
44498,14002
44500,4929
44504,11937
44505,10526
44508,11278
44509,26765
44510,41039
44512,40234
44513,33254
44515,34361
44517,15796
44519,4918
44521,35752
44523,4392
44524,42221
44526,2974
44527,31216
44528,16101
44529,40152
44530,2796
44531,27654
44532,26861
44535,11636
44539,21137
44541,628
44543,43284
44545,23085
44546,37621
44547,26232
44549,18000
44553,42290
44555,38051
44558,2662
44560,37664
44561,5888
44562,29077
44563,17154
44564,8780
44565,37344
44566,14144
44569,23792
44573,4110
44574,12946
44575,7966
44576,34597
44577,39723
44578,34316
44580,13164
44581,22102
44583,30040
44584,42807
44585,10767
44586,11134
44587,12263
44588,12468
44589,8035
44592,27338
44593,26692
44595,32509
44596,33774
44597,39447
44598,31490
44599,503
44600,1529
44601,500
44602,24098
44603,27063
44604,3799
44605,8004
44608,27551
44610,10412
44612,20360
44613,4819
44614,40617
44615,5965
44617,35465
44618,5327
44619,9307
44621,782
44622,6742
44624,23247
44626,5642
44629,18856
44630,28102
44634,28338
44635,30288
44636,16848
44637,15987
44638,35349
44639,19184
44641,38031
44645,15175
44646,1718
44649,12493
44650,42991
44652,28706
44654,22455
44658,19274
44661,16767
44663,22445
44668,7678
44670,27317
44671,7079
44672,18249
44673,3453
44674,42881
44675,31687
44677,25667
44678,24963
44679,1660
44680,18779
44681,37915
44684,28296
44688,8327
44691,20098
44692,36004
44693,25914
44695,34368
44696,5656
44697,6846
44699,18324
44702,5119
44703,6499
44705,34675
44708,36678
44709,31446
44710,1574
44711,4284
44712,30973
44713,9547
44714,38901
44715,17426
44717,26714
44718,41004
44719,41093
44720,11627
44722,26011
44723,10475
44724,41569
44725,16334
44726,35409
44727,27216
44728,31068
44729,3471
44731,23183
44732,37440
44733,38140
44734,24000
44735,40725
44736,1622
44737,919
44742,34695
44743,37916
44744,4809
